21196,"Italia","estlocus1","Multa enim in Italia, Galliis, Hispaniisque nostra aetate gesta sunt, quae si qualicunque stylo memoriae proderem, opere precium me facturum putaui.","urn:cts:croala:tubero.commentarii.croala-loci:body1.div1.div1.p1.s2.placeName4","urn:cite:croala:loci.21196","urn:cite:croala:loci.ana.21196"
22082,"Hungaria","estlocus1","Placuit igitur, quicquid post regis Matthiae Chugniadis Coruini excessum (inde enim historiam inchoabimus) regno per triennium dissidente in Hungaria gestum est, a caeteris rebus seiungere.","urn:cts:croala:tubero.commentarii.croala-loci:body1.div1.div1.p3.s1.placeName19","urn:cite:croala:loci.22082","urn:cite:croala:loci.ana.22082"
23841,"Pragae","estlocus1","Non ita multis post annis, Vuladislauo in expeditione aduersus Turcas suscepta interfecto, Alberthi filius regno iure sibi debito potitur, qui quum dolo suorum Pragae adolescens perisset, ad Matthiam, priuatum Iani Chuniadis filium, qui sibi Coruini nomen imposuit, opera Michaellis Selagii regnum ab Hungaris deffertur, quippe is erat Matthiae auunculus, ad eumque omnium rerum summa tunc respiciebat.","urn:cts:croala:tubero.commentarii.croala-loci:body1.div1.div2.p2.s1.placeName24","urn:cite:croala:loci.23841","urn:cite:croala:loci.ana.23841"
25611,"Viannam","estlocus1","Mattias, regium Hungarorum diadema a Friderico imperatore redimit; pretium tamen mox armata manu repetit, Viannam occupat, et ibidem e uiuis excedit.","urn:cts:croala:tubero.commentarii.croala-loci:body1.div1.div3.argument1.p1.s1.placeName15","urn:cite:croala:loci.25611","urn:cite:croala:loci.ana.25611"
26297,"Viannam","estlocus1","Nam, quamuis Caesar Viannam et Nouam Vrbem cum multis Norici ac Carnici agri oppidis eo bello amiserit, Matthias tamen, dum auidius illum persequitur, fines regni sui a Turcis uastari passus est, quos procul dubio ex Europa pulsurus fuisset, si aduersus eos bellum gerere in animum induxisset, Christianis, qui Turcarum iugo pressi erant, id uehementer optantibus, deffectionemque pollicentibus: nempe contumeliosam grauiter sustinebant Turcarum dominationem.","urn:cts:croala:tubero.commentarii.croala-loci:body1.div1.div3.p1.s5.placeName4","urn:cite:croala:loci.26297","urn:cite:croala:loci.ana.26297"
26324,"Norici","estlocus1","Nam, quamuis Caesar Viannam et Nouam Vrbem cum multis Norici ac Carnici agri oppidis eo bello amiserit, Matthias tamen, dum auidius illum persequitur, fines regni sui a Turcis uastari passus est, quos procul dubio ex Europa pulsurus fuisset, si aduersus eos bellum gerere in animum induxisset, Christianis, qui Turcarum iugo pressi erant, id uehementer optantibus, deffectionemque pollicentibus: nempe contumeliosam grauiter sustinebant Turcarum dominationem.","urn:cts:croala:tubero.commentarii.croala-loci:body1.div1.div3.p1.s5.placeName10","urn:cite:croala:loci.26324","urn:cite:croala:loci.ana.26324"
26333,"Carnici","estlocus1","Nam, quamuis Caesar Viannam et Nouam Vrbem cum multis Norici ac Carnici agri oppidis eo bello amiserit, Matthias tamen, dum auidius illum persequitur, fines regni sui a Turcis uastari passus est, quos procul dubio ex Europa pulsurus fuisset, si aduersus eos bellum gerere in animum induxisset, Christianis, qui Turcarum iugo pressi erant, id uehementer optantibus, deffectionemque pollicentibus: nempe contumeliosam grauiter sustinebant Turcarum dominationem.","urn:cts:croala:tubero.commentarii.croala-loci:body1.div1.div3.p1.s5.placeName12","urn:cite:croala:loci.26333","urn:cite:croala:loci.ana.26333"
26446,"Europa","estlocus1","Nam, quamuis Caesar Viannam et Nouam Vrbem cum multis Norici ac Carnici agri oppidis eo bello amiserit, Matthias tamen, dum auidius illum persequitur, fines regni sui a Turcis uastari passus est, quos procul dubio ex Europa pulsurus fuisset, si aduersus eos bellum gerere in animum induxisset, Christianis, qui Turcarum iugo pressi erant, id uehementer optantibus, deffectionemque pollicentibus: nempe contumeliosam grauiter sustinebant Turcarum dominationem.","urn:cts:croala:tubero.commentarii.croala-loci:body1.div1.div3.p1.s5.placeName36","urn:cite:croala:loci.26446","urn:cite:croala:loci.ana.26446"
26624,"Viannae","estlocus1","Caeterum nondum confecto Alemanico bello rex Matthias Viannae, quae quidem urbs, ut quidam asserunt, Norici est agri, ut alii, Superioris Pannoniae, quam nunc Austriam uocant, fato est functus, spe fere certa longioris uitae fraudatus, propterea quod quidam Martinus ex eo Sarmatarum genere, quos nunc Polonos dicunt, Budensium sacerdos, qui quidem matheseos peritus habebatur, regi et uite cupido, et huic uanitati admodum dedito ac omnia ad fatum referenti, facile persuaserat se decennium adhuc uicturum, licet, quum ualetudine minus prospera uteretur, nec multum curae in ea tuenda poneret, et medici illum breui interiturum existimarent.","urn:cts:croala:tubero.commentarii.croala-loci:body1.div1.div3.p2.s1.placeName8","urn:cite:croala:loci.26624","urn:cite:croala:loci.ana.26624"
26665,"Norici","estlocus1","Caeterum nondum confecto Alemanico bello rex Matthias Viannae, quae quidem urbs, ut quidam asserunt, Norici est agri, ut alii, Superioris Pannoniae, quam nunc Austriam uocant, fato est functus, spe fere certa longioris uitae fraudatus, propterea quod quidam Martinus ex eo Sarmatarum genere, quos nunc Polonos dicunt, Budensium sacerdos, qui quidem matheseos peritus habebatur, regi et uite cupido, et huic uanitati admodum dedito ac omnia ad fatum referenti, facile persuaserat se decennium adhuc uicturum, licet, quum ualetudine minus prospera uteretur, nec multum curae in ea tuenda poneret, et medici illum breui interiturum existimarent.","urn:cts:croala:tubero.commentarii.croala-loci:body1.div1.div3.p2.s1.placeName15","urn:cite:croala:loci.26665","urn:cite:croala:loci.ana.26665"
26716,"Austriam","estlocus1","Caeterum nondum confecto Alemanico bello rex Matthias Viannae, quae quidem urbs, ut quidam asserunt, Norici est agri, ut alii, Superioris Pannoniae, quam nunc Austriam uocant, fato est functus, spe fere certa longioris uitae fraudatus, propterea quod quidam Martinus ex eo Sarmatarum genere, quos nunc Polonos dicunt, Budensium sacerdos, qui quidem matheseos peritus habebatur, regi et uite cupido, et huic uanitati admodum dedito ac omnia ad fatum referenti, facile persuaserat se decennium adhuc uicturum, licet, quum ualetudine minus prospera uteretur, nec multum curae in ea tuenda poneret, et medici illum breui interiturum existimarent.","urn:cts:croala:tubero.commentarii.croala-loci:body1.div1.div3.p2.s1.placeName24","urn:cite:croala:loci.26716","urn:cite:croala:loci.ana.26716"
27429,"Albam","estlocus1","Matthiae regis uirtutes et uitia; Hungari, rebus dispositis, regium corpus Albam deferunt, mox comitia regi creando indicunt.","urn:cts:croala:tubero.commentarii.croala-loci:body1.div1.div4.argument1.p1.s1.placeName11","urn:cite:croala:loci.27429","urn:cite:croala:loci.ana.27429"
27954,"Pragae","estlocus1","Nam ut taceam fortunam eius, quae quidem illum et e carcere ad regnum extulit ― etenim Pragae in custodia erat cum rex ab Hungaris designatus est ― et insidiis suorum saepius in pericula adductum perpetua felicitate protexit, fuit uir tanti consilii ac peritiae in republica temperanda rebusque gerendis, ut nunquam ferme quicquam rei inceperit, quantumcunque id arduum fuerit, quin ei ex uoto cesserit.","urn:cts:croala:tubero.commentarii.croala-loci:body1.div1.div4.p1.s3.placeName16","urn:cite:croala:loci.27954","urn:cite:croala:loci.ana.27954"
29051,"Hungariam","estlocus1","Adeo enim Hungariam edificiis exornauit, ut Alemaniam his rebus cultissimam hac tempestate pene adaequet.","urn:cts:croala:tubero.commentarii.croala-loci:body1.div1.div4.p2.s5.placeName3","urn:cite:croala:loci.29051","urn:cite:croala:loci.ana.29051"
29072,"Alemaniam","estlocus1","Adeo enim Hungariam edificiis exornauit, ut Alemaniam his rebus cultissimam hac tempestate pene adaequet.","urn:cts:croala:tubero.commentarii.croala-loci:body1.div1.div4.p2.s5.placeName7","urn:cite:croala:loci.29072","urn:cite:croala:loci.ana.29072"
29798,"Viannae","estlocus1","Extincto Matthia proceres Hungarorum, qui tunc Viannae aderant, bellum, quod ab Alemanis illatum secutum est, mentibus augurantes confestim in arcem conueniunt, de retinenda Austria inter se consultant, utpote quae parta fuerat magno impendio ac sanguine Hungarorum.","urn:cts:croala:tubero.commentarii.croala-loci:body1.div1.div4.p4.s1.placeName7","urn:cite:croala:loci.29798","urn:cite:croala:loci.ana.29798"
29883,"Austria","estlocus1","Extincto Matthia proceres Hungarorum, qui tunc Viannae aderant, bellum, quod ab Alemanis illatum secutum est, mentibus augurantes confestim in arcem conueniunt, de retinenda Austria inter se consultant, utpote quae parta fuerat magno impendio ac sanguine Hungarorum.","urn:cts:croala:tubero.commentarii.croala-loci:body1.div1.div4.p4.s1.placeName24","urn:cite:croala:loci.29883","urn:cite:croala:loci.ana.29883"
30140,"Albam","estlocus1","His decretis regis corpus, quod iam amicorum torpore, ut in tali fit casu, nondum curatum grauem odorem emittebat, Albam, ueterem regum sedem, ad sepeliendum defferri iubent.","urn:cts:croala:tubero.commentarii.croala-loci:body1.div1.div4.p4.s3.placeName19","urn:cite:croala:loci.30140","urn:cite:croala:loci.ana.30140"
30189,"Budam","estlocus1","Budam mox petunt, Matthiaeque filio atque uxore in regias aedes deductis communi principum consilio comitia regi creando uniuersae nobilitati indicunt, uti Hungarorum mos est, cum rex absque liberis iusto susceptis matrimonio decedit, atque interim curam ad iusta regi facienda conuertunt.","urn:cts:croala:tubero.commentarii.croala-loci:body1.div1.div4.p4.s4.placeName1","urn:cite:croala:loci.30189","urn:cite:croala:loci.ana.30189"
32295,"Datiam","estlocus1","Nam ei regio condi sepulcro non obtigit, monimento nondum perfecto, quod quidem uiuens ingenti sumptu et magnificentia struere aggressus erat, marmore e Transistrana Hungaria, quam olim Datiam uocarunt, petito, ubi multa uictoriarum monimenta a Romanis erecta imperatoribus reperiuntur.","urn:cts:croala:tubero.commentarii.croala-loci:body1.div1.div5.p2.s7.placeName27","urn:cite:croala:loci.32295","urn:cite:croala:loci.ana.32295"
34308,"Rhacusa","estlocus1","Caeterum tanta fuit huius regis apud exteras quoque nationes admiratio, ut Ferdinandus, Neapolitanus rex, socer exequias ei rara magnificentia ac splendore persoluerit, cuius regis officium Rhacusa quoque (ea est Dalmatiae ciuitas) imitata funus Matthiae singulari pompa omnibus congestis honoribus aedidit.","urn:cts:croala:tubero.commentarii.croala-loci:body1.div1.div5.p5.s2.placeName26","urn:cite:croala:loci.34308","urn:cite:croala:loci.ana.34308"
34329,"Dalmatiae","estlocus1","Caeterum tanta fuit huius regis apud exteras quoque nationes admiratio, ut Ferdinandus, Neapolitanus rex, socer exequias ei rara magnificentia ac splendore persoluerit, cuius regis officium Rhacusa quoque (ea est Dalmatiae ciuitas) imitata funus Matthiae singulari pompa omnibus congestis honoribus aedidit.","urn:cts:croala:tubero.commentarii.croala-loci:body1.div1.div5.p5.s2.placeName30","urn:cite:croala:loci.34329","urn:cite:croala:loci.ana.34329"
34663,"Alba","estlocus1","Celebrato hunc in modum regio funere filius regis Matthiae Alba ocius digreditur, Budensemque arcem, prius alimentis ad longam obsidionem tolerandam clam congestis, occupat nemineque eius consilia animaduertente ualido firmat praesidio.","urn:cts:croala:tubero.commentarii.croala-loci:body1.div1.div6.p1.s1.placeName10","urn:cite:croala:loci.34663","urn:cite:croala:loci.ana.34663"
35118,"Rhacosium","estlocus1","Interea Stephanus Bother in Citeriorem Daciam, prouinciam suam, quam incolae Transistranam Hungariam, ut ante dictum est, appellant, proficiscitur, ubi exercitu haud quaquam contemnendo ex hominibus suae iurisdictionis comparato die statuta ad Rhacosium campum, ubi comitia regi creando haberi solent, caeteros principes nobilitatemque anteuenit.","urn:cts:croala:tubero.commentarii.croala-loci:body1.div1.div6.p1.s4.placeName32","urn:cite:croala:loci.35118","urn:cite:croala:loci.ana.35118"
35195,"Pesto","estlocus1","Locum ita uocant Pesto urbi proximum, quae quidem urbs e regione Budae in ripa Danubii sita est, ibique impedimenta imagine quadam ualli ex carris caeteroque uehiculorum genere facta, ut fert Iazigum consuetudo, communiuit.","urn:cts:croala:tubero.commentarii.croala-loci:body1.div1.div6.p1.s5.placeName4","urn:cite:croala:loci.35195","urn:cite:croala:loci.ana.35195"
35232,"Budae","estlocus1","Locum ita uocant Pesto urbi proximum, quae quidem urbs e regione Budae in ripa Danubii sita est, ibique impedimenta imagine quadam ualli ex carris caeteroque uehiculorum genere facta, ut fert Iazigum consuetudo, communiuit.","urn:cts:croala:tubero.commentarii.croala-loci:body1.div1.div6.p1.s5.placeName12","urn:cite:croala:loci.35232","urn:cite:croala:loci.ana.35232"
35245,"Danubii","estlocus1","Locum ita uocant Pesto urbi proximum, quae quidem urbs e regione Budae in ripa Danubii sita est, ibique impedimenta imagine quadam ualli ex carris caeteroque uehiculorum genere facta, ut fert Iazigum consuetudo, communiuit.","urn:cts:croala:tubero.commentarii.croala-loci:body1.div1.div6.p1.s5.placeName15","urn:cite:croala:loci.35245","urn:cite:croala:loci.ana.35245"
35467,"Danubius","estlocus1","Regnum Hungarorum, quod Danubius, amnium Europae fere maximus, intersecat, latissime patet: qua id septemtrionem spectat, Boemorum ac Polonorum regnis terminatur, ad austrum mari Adriatico adiacet, ad occasum conterminos habet Noricos.","urn:cts:croala:tubero.commentarii.croala-loci:body1.div1.div6.p2.s1.placeName4","urn:cite:croala:loci.35467","urn:cite:croala:loci.ana.35467"
35480,"Europae","estlocus1","Regnum Hungarorum, quod Danubius, amnium Europae fere maximus, intersecat, latissime patet: qua id septemtrionem spectat, Boemorum ac Polonorum regnis terminatur, ad austrum mari Adriatico adiacet, ad occasum conterminos habet Noricos.","urn:cts:croala:tubero.commentarii.croala-loci:body1.div1.div6.p2.s1.placeName6","urn:cite:croala:loci.35480","urn:cite:croala:loci.ana.35480"
35575,"Adriatico","estlocus1","Regnum Hungarorum, quod Danubius, amnium Europae fere maximus, intersecat, latissime patet: qua id septemtrionem spectat, Boemorum ac Polonorum regnis terminatur, ad austrum mari Adriatico adiacet, ad occasum conterminos habet Noricos.","urn:cts:croala:tubero.commentarii.croala-loci:body1.div1.div6.p2.s1.placeName24","urn:cite:croala:loci.35575","urn:cite:croala:loci.ana.35575"
35641,"Istro","estlocus1","Qua in orientem uergit, partim Istro, partim mari Euxino clauditur; nam utrique Getae, quorum alteri Moldouii, alteri Valachi nunc appellantur, in ditione Hungarica semper fuerunt, quamquam hoc tempore Valachi ad auertendas Turcarum incursiones regi Turcarum tributum pendunt, magisque in parte quam in ditione Hungarorum sunt.","urn:cts:croala:tubero.commentarii.croala-loci:body1.div1.div6.p2.s2.placeName6","urn:cite:croala:loci.35641","urn:cite:croala:loci.ana.35641"
35658,"Euxino","estlocus1","Qua in orientem uergit, partim Istro, partim mari Euxino clauditur; nam utrique Getae, quorum alteri Moldouii, alteri Valachi nunc appellantur, in ditione Hungarica semper fuerunt, quamquam hoc tempore Valachi ad auertendas Turcarum incursiones regi Turcarum tributum pendunt, magisque in parte quam in ditione Hungarorum sunt.","urn:cts:croala:tubero.commentarii.croala-loci:body1.div1.div6.p2.s2.placeName9","urn:cite:croala:loci.35658","urn:cite:croala:loci.ana.35658"
36154,"Adriatico","estlocus1","A litore Dalmatico, quod mari Adriatico abluitur, ad Drauum amnem gentes Illyricae sunt, quas Hungari partim Choruatos, partim Sclauenos ac Rhaxianos dicunt.","urn:cts:croala:tubero.commentarii.croala-loci:body1.div1.div6.p2.s6.placeName6","urn:cite:croala:loci.36154","urn:cite:croala:loci.ana.36154"
36171,"Drauum","estlocus1","A litore Dalmatico, quod mari Adriatico abluitur, ad Drauum amnem gentes Illyricae sunt, quas Hungari partim Choruatos, partim Sclauenos ac Rhaxianos dicunt.","urn:cts:croala:tubero.commentarii.croala-loci:body1.div1.div6.p2.s6.placeName9","urn:cite:croala:loci.36171","urn:cite:croala:loci.ana.36171"
36253,"Drauo","estlocus1","A Drauo Hungaricus incipit sermo, quo omnes etiam Transistrani praeter Gothos, quos Boemi Slauenos nuncupant utuntur.","urn:cts:croala:tubero.commentarii.croala-loci:body1.div1.div6.p2.s7.placeName2","urn:cite:croala:loci.36253","urn:cite:croala:loci.ana.36253"
36748,"Thracia","estlocus1","Sed et memoriae proditum est Hunnos, Valente Romanis imperante, ab Hyperboreis montibus duce Atthila et Belda eius fratre digressos, peruastata prius Thracia, utraque Moesia, Macedonia et toto prope Hyllirico, in Pannoniis et his finitimis Transistranis regionibus, pulsis inde Gothis, sedes posuisse.","urn:cts:croala:tubero.commentarii.croala-loci:body1.div1.div6.p3.s2.placeName22","urn:cite:croala:loci.36748","urn:cite:croala:loci.ana.36748"
36771,"Macedonia","estlocus1","Sed et memoriae proditum est Hunnos, Valente Romanis imperante, ab Hyperboreis montibus duce Atthila et Belda eius fratre digressos, peruastata prius Thracia, utraque Moesia, Macedonia et toto prope Hyllirico, in Pannoniis et his finitimis Transistranis regionibus, pulsis inde Gothis, sedes posuisse.","urn:cts:croala:tubero.commentarii.croala-loci:body1.div1.div6.p3.s2.placeName25","urn:cite:croala:loci.36771","urn:cite:croala:loci.ana.36771"
36788,"Hyllirico","estlocus1","Sed et memoriae proditum est Hunnos, Valente Romanis imperante, ab Hyperboreis montibus duce Atthila et Belda eius fratre digressos, peruastata prius Thracia, utraque Moesia, Macedonia et toto prope Hyllirico, in Pannoniis et his finitimis Transistranis regionibus, pulsis inde Gothis, sedes posuisse.","urn:cts:croala:tubero.commentarii.croala-loci:body1.div1.div6.p3.s2.placeName29","urn:cite:croala:loci.36788","urn:cite:croala:loci.ana.36788"
36801,"Pannoniis","estlocus1","Sed et memoriae proditum est Hunnos, Valente Romanis imperante, ab Hyperboreis montibus duce Atthila et Belda eius fratre digressos, peruastata prius Thracia, utraque Moesia, Macedonia et toto prope Hyllirico, in Pannoniis et his finitimis Transistranis regionibus, pulsis inde Gothis, sedes posuisse.","urn:cts:croala:tubero.commentarii.croala-loci:body1.div1.div6.p3.s2.placeName31","urn:cite:croala:loci.36801","urn:cite:croala:loci.ana.36801"
37754,"Vistulaque","estlocus1","Neque enim credibile esse putant ullam Illyricae nationis gentem in Rhaxanorum regiones, coeli intemperie ac perpetuo damnatas frigore, unquam penetrasse, sed potius Raxanos ipsos abundante domi multitudine (et est terra illa sicut pecorum, ita et hominum admodum ferax) tristes cultu patrie sedes mitiori plaga permutasse, atque ita partim septentrionem uersus profectos Vistulaque amne transmisso usque ad Albim peruenisse, ac regna Boemorum Polonorumque condidisse, partim ad austrum concessisse, pulsisque Dacis non solum Transistranas regiones, quas postea illis Hungari eripuerunt, sed totum etiam Illyricum occupasse, suumque nomen regioni indidisse.","urn:cts:croala:tubero.commentarii.croala-loci:body1.div1.div6.p4.s3.placeName52","urn:cite:croala:loci.37754","urn:cite:croala:loci.ana.37754"
37775,"Albim","estlocus1","Neque enim credibile esse putant ullam Illyricae nationis gentem in Rhaxanorum regiones, coeli intemperie ac perpetuo damnatas frigore, unquam penetrasse, sed potius Raxanos ipsos abundante domi multitudine (et est terra illa sicut pecorum, ita et hominum admodum ferax) tristes cultu patrie sedes mitiori plaga permutasse, atque ita partim septentrionem uersus profectos Vistulaque amne transmisso usque ad Albim peruenisse, ac regna Boemorum Polonorumque condidisse, partim ad austrum concessisse, pulsisque Dacis non solum Transistranas regiones, quas postea illis Hungari eripuerunt, sed totum etiam Illyricum occupasse, suumque nomen regioni indidisse.","urn:cts:croala:tubero.commentarii.croala-loci:body1.div1.div6.p4.s3.placeName57","urn:cite:croala:loci.37775","urn:cite:croala:loci.ana.37775"
37901,"Illyricum","estlocus1","Neque enim credibile esse putant ullam Illyricae nationis gentem in Rhaxanorum regiones, coeli intemperie ac perpetuo damnatas frigore, unquam penetrasse, sed potius Raxanos ipsos abundante domi multitudine (et est terra illa sicut pecorum, ita et hominum admodum ferax) tristes cultu patrie sedes mitiori plaga permutasse, atque ita partim septentrionem uersus profectos Vistulaque amne transmisso usque ad Albim peruenisse, ac regna Boemorum Polonorumque condidisse, partim ad austrum concessisse, pulsisque Dacis non solum Transistranas regiones, quas postea illis Hungari eripuerunt, sed totum etiam Illyricum occupasse, suumque nomen regioni indidisse.","urn:cts:croala:tubero.commentarii.croala-loci:body1.div1.div6.p4.s3.placeName82","urn:cite:croala:loci.37901","urn:cite:croala:loci.ana.37901"
37946,"Illyrici","estlocus1","Magna enim Illyrici pars nunc quoque Raxia appellatur, quandoquidem ab illis nationibus, quae inter Danubium et Rhipheos montes colunt, Romanum etiam imperium una cum ipsa Vrbe olim fuit deletum.","urn:cts:croala:tubero.commentarii.croala-loci:body1.div1.div6.p4.s4.placeName3","urn:cite:croala:loci.37946","urn:cite:croala:loci.ana.37946"
37963,"Raxia","estlocus1","Magna enim Illyrici pars nunc quoque Raxia appellatur, quandoquidem ab illis nationibus, quae inter Danubium et Rhipheos montes colunt, Romanum etiam imperium una cum ipsa Vrbe olim fuit deletum.","urn:cts:croala:tubero.commentarii.croala-loci:body1.div1.div6.p4.s4.placeName7","urn:cite:croala:loci.37963","urn:cite:croala:loci.ana.37963"
38004,"Danubium","estlocus1","Magna enim Illyrici pars nunc quoque Raxia appellatur, quandoquidem ab illis nationibus, quae inter Danubium et Rhipheos montes colunt, Romanum etiam imperium una cum ipsa Vrbe olim fuit deletum.","urn:cts:croala:tubero.commentarii.croala-loci:body1.div1.div6.p4.s4.placeName15","urn:cite:croala:loci.38004","urn:cite:croala:loci.ana.38004"
38013,"Rhipheos","estlocus1","Magna enim Illyrici pars nunc quoque Raxia appellatur, quandoquidem ab illis nationibus, quae inter Danubium et Rhipheos montes colunt, Romanum etiam imperium una cum ipsa Vrbe olim fuit deletum.","urn:cts:croala:tubero.commentarii.croala-loci:body1.div1.div6.p4.s4.placeName17","urn:cite:croala:loci.38013","urn:cite:croala:loci.ana.38013"
38055,"Vrbe","estlocus1","Magna enim Illyrici pars nunc quoque Raxia appellatur, quandoquidem ab illis nationibus, quae inter Danubium et Rhipheos montes colunt, Romanum etiam imperium una cum ipsa Vrbe olim fuit deletum.","urn:cts:croala:tubero.commentarii.croala-loci:body1.div1.div6.p4.s4.placeName26","urn:cite:croala:loci.38055","urn:cite:croala:loci.ana.38055"
38205,"Europa","estlocus1","Nec modo in Europa eorum opes late patuerunt, sed etiam in Asiam transgressi ultra Rha amnem multorum dierum iter arma protulerunt, ubi nunc quoque magnum amplectuntur imperium sedemque regni urbem amplissimam, quam ipsi Moschouiam uocant, ad Rha sitam habent.","urn:cts:croala:tubero.commentarii.croala-loci:body1.div1.div6.p5.s2.placeName4","urn:cite:croala:loci.38205","urn:cite:croala:loci.ana.38205"
38242,"Asiam","estlocus1","Nec modo in Europa eorum opes late patuerunt, sed etiam in Asiam transgressi ultra Rha amnem multorum dierum iter arma protulerunt, ubi nunc quoque magnum amplectuntur imperium sedemque regni urbem amplissimam, quam ipsi Moschouiam uocant, ad Rha sitam habent.","urn:cts:croala:tubero.commentarii.croala-loci:body1.div1.div6.p5.s2.placeName12","urn:cite:croala:loci.38242","urn:cite:croala:loci.ana.38242"
38255,"Rha","estlocus1","Nec modo in Europa eorum opes late patuerunt, sed etiam in Asiam transgressi ultra Rha amnem multorum dierum iter arma protulerunt, ubi nunc quoque magnum amplectuntur imperium sedemque regni urbem amplissimam, quam ipsi Moschouiam uocant, ad Rha sitam habent.","urn:cts:croala:tubero.commentarii.croala-loci:body1.div1.div6.p5.s2.placeName15","urn:cite:croala:loci.38255","urn:cite:croala:loci.ana.38255"
38340,"Moschouiam","estlocus1","Nec modo in Europa eorum opes late patuerunt, sed etiam in Asiam transgressi ultra Rha amnem multorum dierum iter arma protulerunt, ubi nunc quoque magnum amplectuntur imperium sedemque regni urbem amplissimam, quam ipsi Moschouiam uocant, ad Rha sitam habent.","urn:cts:croala:tubero.commentarii.croala-loci:body1.div1.div6.p5.s2.placeName34","urn:cite:croala:loci.38340","urn:cite:croala:loci.ana.38340"
38357,"Rha","estlocus1","Nec modo in Europa eorum opes late patuerunt, sed etiam in Asiam transgressi ultra Rha amnem multorum dierum iter arma protulerunt, ubi nunc quoque magnum amplectuntur imperium sedemque regni urbem amplissimam, quam ipsi Moschouiam uocant, ad Rha sitam habent.","urn:cts:croala:tubero.commentarii.croala-loci:body1.div1.div6.p5.s2.placeName37","urn:cite:croala:loci.38357","urn:cite:croala:loci.ana.38357"
38386,"Rha","estlocus1","Flumen autem Rha aquarum spatio caeteros Scythiae amnes uincens in mare Hyrcanum euehitur.","urn:cts:croala:tubero.commentarii.croala-loci:body1.div1.div6.p5.s3.placeName3","urn:cite:croala:loci.38386","urn:cite:croala:loci.ana.38386"
38403,"Scythiae","estlocus1","Flumen autem Rha aquarum spatio caeteros Scythiae amnes uincens in mare Hyrcanum euehitur.","urn:cts:croala:tubero.commentarii.croala-loci:body1.div1.div6.p5.s3.placeName7","urn:cite:croala:loci.38403","urn:cite:croala:loci.ana.38403"
38424,"Hyrcanum","estlocus1","Flumen autem Rha aquarum spatio caeteros Scythiae amnes uincens in mare Hyrcanum euehitur.","urn:cts:croala:tubero.commentarii.croala-loci:body1.div1.div6.p5.s3.placeName12","urn:cite:croala:loci.38424","urn:cite:croala:loci.ana.38424"
38515,"Illyricum","estlocus1","Slaueni autem Rhaxanorum ac Gothorum, ut dictum est, progenies anno a Christi natali die circiter sexingentesimo Illyricum inuasere, atque, ut fit, una cum iugo linguam quoque uictos accipere coegerunt.","urn:cts:croala:tubero.commentarii.croala-loci:body1.div1.div6.p5.s4.placeName17","urn:cite:croala:loci.38515","urn:cite:croala:loci.ana.38515"
38832,"Illiricum","estlocus1","Sane ante Slauenorum in Illiricum ingressum non modo Dalmatae Latina lingua, qua multa nunc quoque utuntur, sed et omnes Illyrici usi sunt, deductis per totum Illyricum Latinis coloniis.","urn:cts:croala:tubero.commentarii.croala-loci:body1.div1.div6.p5.s6.placeName5","urn:cite:croala:loci.38832","urn:cite:croala:loci.ana.38832"
38932,"Illyricum","estlocus1","Sane ante Slauenorum in Illiricum ingressum non modo Dalmatae Latina lingua, qua multa nunc quoque utuntur, sed et omnes Illyrici usi sunt, deductis per totum Illyricum Latinis coloniis.","urn:cts:croala:tubero.commentarii.croala-loci:body1.div1.div6.p5.s6.placeName26","urn:cite:croala:loci.38932","urn:cite:croala:loci.ana.38932"
38999,"Illyrici","estlocus1","Vnde nunc quoque maritimi Dalmatae a caeteris gentibus, quae mediterraneas Illyrici regiones incolunt, Latini appellantur, non quia Dalmatae Romano pontifici parent, sed quia lingua, habitu et literis Latinis utuntur.","urn:cts:croala:tubero.commentarii.croala-loci:body1.div1.div6.p5.s7.placeName11","urn:cite:croala:loci.38999","urn:cite:croala:loci.ana.38999"
40666,"Hungaria","estlocus1","Alienigenam, inquit, dominum, uiri Hungari, patiemur, cum et Hungarorum legibus cautum sit, ne quis peregrinus cuiuspiam magistratus obtinendi ius in Hungaria habeat, et bruta animalia naturae ipsius instinctu ex suo genere sibi duces, qui agmen praecedant, habere soleant?","urn:cts:croala:tubero.commentarii.croala-loci:body1.div1.div7.quote1.p1.s1.placeName21","urn:cite:croala:loci.40666","urn:cite:croala:loci.ana.40666"
41297,"Scythia","estlocus1","O si Attila, quo duce maiores nostri (ab ultima Scythia digressi) atque Tanai amne superato terras usque ad Britannicum oceanum multis illustribus uictoriis emensi sunt, ab inferis rediret, quanta indignatione gentem suam iam degenerem auersaretur, quippe quam, ueluti indigna esset, quae suis legibus uiueret, ritu iumentorum iugum ab externo impositum submisse ferre cerneret?","urn:cts:croala:tubero.commentarii.croala-loci:body1.div1.div7.quote1.p1.s8.placeName10","urn:cite:croala:loci.41297","urn:cite:croala:loci.ana.41297"
41314,"Tanai","estlocus1","O si Attila, quo duce maiores nostri (ab ultima Scythia digressi) atque Tanai amne superato terras usque ad Britannicum oceanum multis illustribus uictoriis emensi sunt, ab inferis rediret, quanta indignatione gentem suam iam degenerem auersaretur, quippe quam, ueluti indigna esset, quae suis legibus uiueret, ritu iumentorum iugum ab externo impositum submisse ferre cerneret?","urn:cts:croala:tubero.commentarii.croala-loci:body1.div1.div7.quote1.p1.s8.placeName13","urn:cite:croala:loci.41314","urn:cite:croala:loci.ana.41314"
42095,"Romam","estlocus1","Taceo ipsam sedem apostolicam urbemque Romam, commune omnium gentium, praesertim Christianarum, domicilium, ubi aetate nostra, quod quidem neminem uestrum latere puto, non nisi Italus, aut a pueritia in Italia educatus, quum et in aliis regionibus uiri Christiani huic muneri idonei reperiantur, pontifex maximus creari potuit.","urn:cts:croala:tubero.commentarii.croala-loci:body1.div1.div7.quote1.p1.s14.placeName6","urn:cite:croala:loci.42095","urn:cite:croala:loci.ana.42095"
42216,"Italia","estlocus1","Taceo ipsam sedem apostolicam urbemque Romam, commune omnium gentium, praesertim Christianarum, domicilium, ubi aetate nostra, quod quidem neminem uestrum latere puto, non nisi Italus, aut a pueritia in Italia educatus, quum et in aliis regionibus uiri Christiani huic muneri idonei reperiantur, pontifex maximus creari potuit.","urn:cts:croala:tubero.commentarii.croala-loci:body1.div1.div7.quote1.p1.s14.placeName29","urn:cite:croala:loci.42216","urn:cite:croala:loci.ana.42216"
42309,"Romam","estlocus1","Quoniam et Romam, Italicam urbem, utpote in Latio positam esse perhibent, et collegium ipsum patrum, ex quibus pontifices fiunt, maiore ex parte ex Italis constare certum est.","urn:cts:croala:tubero.commentarii.croala-loci:body1.div1.div7.quote1.p1.s15.placeName3","urn:cite:croala:loci.42309","urn:cite:croala:loci.ana.42309"
42340,"Latio","estlocus1","Quoniam et Romam, Italicam urbem, utpote in Latio positam esse perhibent, et collegium ipsum patrum, ex quibus pontifices fiunt, maiore ex parte ex Italis constare certum est.","urn:cts:croala:tubero.commentarii.croala-loci:body1.div1.div7.quote1.p1.s15.placeName8","urn:cite:croala:loci.42340","urn:cite:croala:loci.ana.42340"
43632,"Dacico","estlocus1","Atque iccirco tamquam Dacico ac Pannonico agro nuper precario insiti, noui inquilini terrae, quam Danubius intersecat, Scithiae uero Asiaticae paulo ante incole, ab his qui simul industriae nostrae, simul uirtuti inuident, appellamur.","urn:cts:croala:tubero.commentarii.croala-loci:body1.div1.div7.quote1.p1.s24.placeName4","urn:cite:croala:loci.43632","urn:cite:croala:loci.ana.43632"
43687,"Danubius","estlocus1","Atque iccirco tamquam Dacico ac Pannonico agro nuper precario insiti, noui inquilini terrae, quam Danubius intersecat, Scithiae uero Asiaticae paulo ante incole, ab his qui simul industriae nostrae, simul uirtuti inuident, appellamur.","urn:cts:croala:tubero.commentarii.croala-loci:body1.div1.div7.quote1.p1.s24.placeName15","urn:cite:croala:loci.43687","urn:cite:croala:loci.ana.43687"
43919,"Hungariae","estlocus1","Et certe quisque uicinorum regum in petitione regni praeteritus iustam belli causam pretendet, eo quod nemo illorum non ad se aeque ius regni Hungarici pertinere arbitrabitur, si illud quisquam extra solum Hungariae natus nostris suffragiis, quod et fieri debet, et procul dubio futurum est, assecutus fuerit.","urn:cts:croala:tubero.commentarii.croala-loci:body1.div1.div7.quote1.p1.s25.placeName32","urn:cite:croala:loci.43919","urn:cite:croala:loci.ana.43919"
44421,"Hungaria","estlocus1","Neque enim fiducia nostra in creando indigena rege parum finitimorum animos a belli deterrebit cogitatione, utpote queis eo facto demonstrabimus nec in Hungaria uiros deesse imperio dignos, et cum Matthia, Iani Chugniadis filio, Hungarorum uirtutem non esse extinctam.","urn:cts:croala:tubero.commentarii.croala-loci:body1.div1.div7.quote1.p1.s28.placeName23","urn:cite:croala:loci.44421","urn:cite:croala:loci.ana.44421"
45103,"Hungariam","estlocus1","Haec cum dixisset Stephanus neminemque principum, qui aliquo numero atque honore esset, ea ratione motum animaduerteret ― omnes enim oderant ciuis imperium ob recentem memoriam acerbae in suos Matthiae Coruini tyrannidis ― studium suum in Alberthum, regis Polonorum filium, conuertit, eumque literis suis, uti cum trecentis ad summum equitibus in Hungariam ueniret, hortatus est, ratus id neque comitiorum libertati obfuturum, et Hungaris pergratum fore, utpote quum probe nosset, uir moris antiqui haud imperitus, ueterem inter Polonos et Hungaros reges intercedere necessitudinem, Hungarosque in Polonia itemque Polonos in Hungaria uicissim regnasse.","urn:cts:croala:tubero.commentarii.croala-loci:body1.div1.div8.p1.s1.placeName49","urn:cite:croala:loci.45103","urn:cite:croala:loci.ana.45103"
45266,"Polonia","estlocus1","Haec cum dixisset Stephanus neminemque principum, qui aliquo numero atque honore esset, ea ratione motum animaduerteret ― omnes enim oderant ciuis imperium ob recentem memoriam acerbae in suos Matthiae Coruini tyrannidis ― studium suum in Alberthum, regis Polonorum filium, conuertit, eumque literis suis, uti cum trecentis ad summum equitibus in Hungariam ueniret, hortatus est, ratus id neque comitiorum libertati obfuturum, et Hungaris pergratum fore, utpote quum probe nosset, uir moris antiqui haud imperitus, ueterem inter Polonos et Hungaros reges intercedere necessitudinem, Hungarosque in Polonia itemque Polonos in Hungaria uicissim regnasse.","urn:cts:croala:tubero.commentarii.croala-loci:body1.div1.div8.p1.s1.placeName82","urn:cite:croala:loci.45266","urn:cite:croala:loci.ana.45266"
45283,"Hungaria","estlocus1","Haec cum dixisset Stephanus neminemque principum, qui aliquo numero atque honore esset, ea ratione motum animaduerteret ― omnes enim oderant ciuis imperium ob recentem memoriam acerbae in suos Matthiae Coruini tyrannidis ― studium suum in Alberthum, regis Polonorum filium, conuertit, eumque literis suis, uti cum trecentis ad summum equitibus in Hungariam ueniret, hortatus est, ratus id neque comitiorum libertati obfuturum, et Hungaris pergratum fore, utpote quum probe nosset, uir moris antiqui haud imperitus, ueterem inter Polonos et Hungaros reges intercedere necessitudinem, Hungarosque in Polonia itemque Polonos in Hungaria uicissim regnasse.","urn:cts:croala:tubero.commentarii.croala-loci:body1.div1.div8.p1.s1.placeName86","urn:cite:croala:loci.45283","urn:cite:croala:loci.ana.45283"
45840,"Roma","estlocus1","Atque iccirco, cum supplicii metu Roma profugisset, ad Mehmetem primo Turcarum regem sese contulit, a quo ubi causa exilii innotuit, breui pulsus in Poloniam ad Andream Casimirum, illius gentis regem accessit, nulla magis alia re fretus quam si causa peregrinationis eius esset ignota Polonis.","urn:cts:croala:tubero.commentarii.croala-loci:body1.div1.div8.p2.s6.placeName6","urn:cite:croala:loci.45840","urn:cite:croala:loci.ana.45840"
45926,"Poloniam","estlocus1","Atque iccirco, cum supplicii metu Roma profugisset, ad Mehmetem primo Turcarum regem sese contulit, a quo ubi causa exilii innotuit, breui pulsus in Poloniam ad Andream Casimirum, illius gentis regem accessit, nulla magis alia re fretus quam si causa peregrinationis eius esset ignota Polonis.","urn:cts:croala:tubero.commentarii.croala-loci:body1.div1.div8.p2.s6.placeName24","urn:cite:croala:loci.45926","urn:cite:croala:loci.ana.45926"
46229,"Hungariam","estlocus1","Hic igitur eo nuntio audito, mirum in modum laetatus statim coepit Albertho profectionem in Hungariam suadere, ratus, ut erat, maioris fortunae et sibi et principi suo oblata utendum occasione, nec tantam spem ulla corrumpendam mora.","urn:cts:croala:tubero.commentarii.croala-loci:body1.div1.div8.p3.s1.placeName15","urn:cite:croala:loci.46229","urn:cite:croala:loci.ana.46229"
46575,"Hungariam","estlocus1","Itaque dum in utranque partem studiis regum accensis aliquot dies consultando absumuntur, et Vuladislauo interim tempus datum est ad gratiam Hungarorum ineundam, et Alberthi in Hungariam profectio prima praetermissa occasione sera fuit, animis Hungarorum iam fauore Vuladislaui praeoccupatis.","urn:cts:croala:tubero.commentarii.croala-loci:body1.div1.div8.p4.s1.placeName26","urn:cite:croala:loci.46575","urn:cite:croala:loci.ana.46575"
47023,"Rhacosium","estlocus1","Posteaquam ad Vuladislauum, proceres Hungari, allatum est uos regi designando in Rhacosium conuenisse campum, nemine exterorum ullam studiis uestris moram afferente, statim ille in animum induxit regnum Hungariae a uobis petere, memor non tam eius iuris, quod in hoc regnum habet, quippe qui Hungarorum regum stirpe ortus est, quam uestrae libertatis.","urn:cts:croala:tubero.commentarii.croala-loci:body1.div1.div9.quote1.p1.s1.placeName12","urn:cite:croala:loci.47023","urn:cite:croala:loci.ana.47023"
47096,"Hungariae","estlocus1","Posteaquam ad Vuladislauum, proceres Hungari, allatum est uos regi designando in Rhacosium conuenisse campum, nemine exterorum ullam studiis uestris moram afferente, statim ille in animum induxit regnum Hungariae a uobis petere, memor non tam eius iuris, quod in hoc regnum habet, quippe qui Hungarorum regum stirpe ortus est, quam uestrae libertatis.","urn:cts:croala:tubero.commentarii.croala-loci:body1.div1.div9.quote1.p1.s1.placeName28","urn:cite:croala:loci.47096","urn:cite:croala:loci.ana.47096"
48741,"Europae","estlocus1","Nam ut discedamus a Matthia, Iani Chugniadis filio, qui, ut probe nostis, nec ulla cognatione stirpi regiae annexus fuit, et regnum Hungariae, praeterquam quod inuito senatu Hungarico occupauit, ita gessit, ut omnibus bonis non minus priuatae stirpis obscuritate quam tyrannide regno indignus uisus sit, trium nouissimorum ante Matthiam regum Vuladislauus est uerus in hoc regnum haeres ac successor, siue eius paternum, siue maternum respexeritis genus, quo quidem utroque omnibus Europae regibus, absit uerbo inuidia, antecellit.","urn:cts:croala:tubero.commentarii.croala-loci:body1.div1.div9.quote1.p1.s9.placeName70","urn:cite:croala:loci.48741","urn:cite:croala:loci.ana.48741"
49461,"Alemmaniae","estlocus1","Maternum deinde nostri principis genus ab illo clarissimo Hungariae rege Lodouico, Sigismundoque eius genero ducitur, qui non Hungariae modo regnum, Boemiaeque, additis multis Alemmaniae regionibus, sed etiam Romanum obtinuit imperium.","urn:cts:croala:tubero.commentarii.croala-loci:body1.div1.div9.quote1.p1.s13.placeName24","urn:cite:croala:loci.49461","urn:cite:croala:loci.ana.49461"
50557,"Boemiae","estlocus1","Id autem est utilitas, quae huic regno ex adiectione Boemiae nascitur, qua quidem terra uiris ad militiam idoneis nulla est feracior, atque ex societate regni patris eius Casimiri, quum certum sit inter Sarmatas et gentes Transistranas Polonos armis plurimum posse.","urn:cts:croala:tubero.commentarii.croala-loci:body1.div1.div9.quote1.p1.s21.placeName10","urn:cite:croala:loci.50557","urn:cite:croala:loci.ana.50557"
50759,"Adriaticum","estlocus1","Hoc rege assumpto quiquid terrarum inter Sarmaticum oceanum et Adriaticum mare iacet, aut sub ditione uestri nominis erit, aut amicitia ac societate iunctum habebitis.","urn:cts:croala:tubero.commentarii.croala-loci:body1.div1.div9.quote1.p1.s23.placeName10","urn:cite:croala:loci.50759","urn:cite:croala:loci.ana.50759"
51526,"Hungariae","estlocus1","Verum haec res auertende suspitionis causa pro tempore silentio pressa est, ne uulgata eiusmodi officeret consilio: nam omnia munitiora Hungariae loca regis Matthiae filius praesidiis obtinebat.","urn:cts:croala:tubero.commentarii.croala-loci:body1.div1.div10.p1.s4.placeName20","urn:cite:croala:loci.51526","urn:cite:croala:loci.ana.51526"
52236,"Praghae","estlocus1","Secundum Boemos Alemani auditi sunt, quorum oratio, quum nullo praesenti decore innixa esset, Hungaros minime mouit, tametsi Romani imperii dignitas antiquusque familiae splendor commemoratus sit, et ille senatus Hungarici conuentus, Ladislauo Posthumo Praghae extincto, in memoriam reductus, quo scilicet Fridericus, imperator Romanorum, rex Hungariae quorundam nutibus fuit significatus, regnoque, ut Alemani iactabant, Michaele Sellagio intercedente, fraudatus.","urn:cts:croala:tubero.commentarii.croala-loci:body1.div1.div10.p2.s1.placeName33","urn:cite:croala:loci.52236","urn:cite:croala:loci.ana.52236"
57843,"Hungaria","estlocus1","Principes qui Vuladislauum in Hungaria regnare optabant, quamquam Beatricem ne in regno quidem priuatam agere e republica existimarent, nedum reginam esse uolebant - tantum odii siue reginae ipsius, siue regis Matthiae culpa in illam concaeptum erat (nam et illa, praeterquam quod sterilis esset, parum benefica habita est, et Hungarorum optimates quemadmodum in Matthiam, ita et in uxorem eius erant animati) ― tamen, ac si hac reginae sponsione clandestina eius praeda euoluta patefieret, quo cumulatum argentum, ut sunt Hungari ueluti plerique mortales pecuniae auidi, extraherent, quicquid postulauit, se facturos promisere, Italica sane arte, ut Hungari impudenter praedicabant, aduersus Italam usi.","urn:cts:croala:tubero.commentarii.croala-loci:body1.div1.div12.p3.s1.placeName5","urn:cite:croala:loci.57843","urn:cite:croala:loci.ana.57843"
60468,"Illyrici","estlocus1","Proceres Stephanum Sepusiensem comitem palatinum creant, et Coruinum, totam ei Illyrici regionem cum bani titulo offerentes, ad meliora consilia hortantur.","urn:cts:croala:tubero.commentarii.croala-loci:body1.div1.div14.argument1.p1.s1.placeName11","urn:cite:croala:loci.60468","urn:cite:croala:loci.ana.60468"
61480,"Illyrici","estlocus1","Est regio Illyrici inter Valdanum, quem fluuium Hunnam uulgo uocant, et Drinum amnem sita, partim Hungaricae, partim Turcaice ditionis, nunc Bossinae regnum nuncupatur.","urn:cts:croala:tubero.commentarii.croala-loci:body1.div1.div14.p3.s1.placeName3","urn:cite:croala:loci.61480","urn:cite:croala:loci.ana.61480"
61489,"Valdanum","estlocus1","Est regio Illyrici inter Valdanum, quem fluuium Hunnam uulgo uocant, et Drinum amnem sita, partim Hungaricae, partim Turcaice ditionis, nunc Bossinae regnum nuncupatur.","urn:cts:croala:tubero.commentarii.croala-loci:body1.div1.div14.p3.s1.placeName5","urn:cite:croala:loci.61489","urn:cite:croala:loci.ana.61489"
61506,"Hunnam","estlocus1","Est regio Illyrici inter Valdanum, quem fluuium Hunnam uulgo uocant, et Drinum amnem sita, partim Hungaricae, partim Turcaice ditionis, nunc Bossinae regnum nuncupatur.","urn:cts:croala:tubero.commentarii.croala-loci:body1.div1.div14.p3.s1.placeName8","urn:cite:croala:loci.61506","urn:cite:croala:loci.ana.61506"
61527,"Drinum","estlocus1","Est regio Illyrici inter Valdanum, quem fluuium Hunnam uulgo uocant, et Drinum amnem sita, partim Hungaricae, partim Turcaice ditionis, nunc Bossinae regnum nuncupatur.","urn:cts:croala:tubero.commentarii.croala-loci:body1.div1.div14.p3.s1.placeName12","urn:cite:croala:loci.61527","urn:cite:croala:loci.ana.61527"
61578,"Bossinae","estlocus1","Est regio Illyrici inter Valdanum, quem fluuium Hunnam uulgo uocant, et Drinum amnem sita, partim Hungaricae, partim Turcaice ditionis, nunc Bossinae regnum nuncupatur.","urn:cts:croala:tubero.commentarii.croala-loci:body1.div1.div14.p3.s1.placeName21","urn:cite:croala:loci.61578","urn:cite:croala:loci.ana.61578"
61673,"Illyricum","estlocus1","Hanc regionem quum permissu Lodouici regis Neapoli oriundi (fuit enim id temporis Hungarorum, ut et reliquum Illyricum, prouincia), Stephanus Duronius praefectura obtineret, ab ipso Lodouico Bossinensium rex dictus est, quum ob formam Duroniae filiae, quam eius amore captus nuptiis suis Lodouicus destinarat, reginamque appellauerat, ne magni rex nominis priuatam feminam, priuatique hominis filiam praeter regium decus in coniugem duxisse uideretur, tum ob egregie nauatam operam aduersus Gregorium Churiacum Dalmatam ab Hungaris deficientem, regnique prouincias uastantem.","urn:cts:croala:tubero.commentarii.croala-loci:body1.div1.div14.p3.s2.placeName17","urn:cite:croala:loci.61673","urn:cite:croala:loci.ana.61673"
62099,"Illyrico","estlocus1","Quare occupato quoque a Turcis Illyrico, Hungaris domestico bello impeditis, Bossinensis regni titulum Hungarorum reges nequaquam deposuerunt, eum non minus recte nunc quam antea usurpantes, quandoquidem ductu regis Matthiae Chugniadis sedem Bosinensium regum, quam incole Iaizam uocant, cum multis aliis oppidis de Turcis recuperarunt.","urn:cts:croala:tubero.commentarii.croala-loci:body1.div1.div14.p3.s4.placeName6","urn:cite:croala:loci.62099","urn:cite:croala:loci.ana.62099"
62244,"Iaizam","estlocus1","Quare occupato quoque a Turcis Illyrico, Hungaris domestico bello impeditis, Bossinensis regni titulum Hungarorum reges nequaquam deposuerunt, eum non minus recte nunc quam antea usurpantes, quandoquidem ductu regis Matthiae Chugniadis sedem Bosinensium regum, quam incole Iaizam uocant, cum multis aliis oppidis de Turcis recuperarunt.","urn:cts:croala:tubero.commentarii.croala-loci:body1.div1.div14.p3.s4.placeName36","urn:cite:croala:loci.62244","urn:cite:croala:loci.ana.62244"
62357,"Illyrici","estlocus1","Spondent igitur regulo, si in animum induceret permittere sese in senatus potestatem, totam Illyrici regionem, quae Hungarorum imperio subiecta erat, cum bani nomine, quod paulo a regio distat, additis insuper multis principum uirorum patrimoniis, quae Matthias partim emerat, partim successionis iure, ut mos est, ubi reges publicis rebus praesunt, obtinuerat, extinctis omnibus possessionum legitimis haeredibus.","urn:cts:croala:tubero.commentarii.croala-loci:body1.div1.div14.p4.s1.placeName14","urn:cite:croala:loci.62357","urn:cite:croala:loci.ana.62357"
63462,"Rhodum","estlocus1","In queis fuere Laurentius Huuilacenus, inter profanos proceres fortunis ac familiae dignitate nulli secundus; Sigismundus Chanzeres, Quinque ecclesiarum antistes; Bartholomeus Berislauus, Varanensis prior, eiusque collegii sacerdos, quod Rhodum Lyciae insulam imperio obtinet; Iacobus Scytha, et ipse ex regiis praefectis non ignobilis; Paulus Choruates, multique alii bello assueti, genereque ac diuitiis clari.","urn:cts:croala:tubero.commentarii.croala-loci:body1.div1.div15.p1.s4.placeName28","urn:cite:croala:loci.63462","urn:cite:croala:loci.ana.63462"
63467,"Lyciae","estlocus1","In queis fuere Laurentius Huuilacenus, inter profanos proceres fortunis ac familiae dignitate nulli secundus; Sigismundus Chanzeres, Quinque ecclesiarum antistes; Bartholomeus Berislauus, Varanensis prior, eiusque collegii sacerdos, quod Rhodum Lyciae insulam imperio obtinet; Iacobus Scytha, et ipse ex regiis praefectis non ignobilis; Paulus Choruates, multique alii bello assueti, genereque ac diuitiis clari.","urn:cts:croala:tubero.commentarii.croala-loci:body1.div1.div15.p1.s4.placeName29","urn:cite:croala:loci.63467","urn:cite:croala:loci.ana.63467"
63650,"Pestano","estlocus1","Quod ubi uulgatum est, Stephanus Bather cum omni exercitu, qui secum in Pestano campo consederat, Danubium confestim traicit regulum insecuturus, prius tamen Iano Varadinensium pontifice ad Stephanum Austriae praefectum, quem senatus principem, seu comitem palatinum creatum demonstrauimus, uirum diuitiis et auctoritate nominis Hungarici longe principem, Viannam ad rem, uti se habebat, indicandam misso.","urn:cts:croala:tubero.commentarii.croala-loci:body1.div1.div15.p2.s1.placeName13","urn:cite:croala:loci.63650","urn:cite:croala:loci.ana.63650"
63667,"Danubium","estlocus1","Quod ubi uulgatum est, Stephanus Bather cum omni exercitu, qui secum in Pestano campo consederat, Danubium confestim traicit regulum insecuturus, prius tamen Iano Varadinensium pontifice ad Stephanum Austriae praefectum, quem senatus principem, seu comitem palatinum creatum demonstrauimus, uirum diuitiis et auctoritate nominis Hungarici longe principem, Viannam ad rem, uti se habebat, indicandam misso.","urn:cts:croala:tubero.commentarii.croala-loci:body1.div1.div15.p2.s1.placeName16","urn:cite:croala:loci.63667","urn:cite:croala:loci.ana.63667"
63811,"Viannam","estlocus1","Quod ubi uulgatum est, Stephanus Bather cum omni exercitu, qui secum in Pestano campo consederat, Danubium confestim traicit regulum insecuturus, prius tamen Iano Varadinensium pontifice ad Stephanum Austriae praefectum, quem senatus principem, seu comitem palatinum creatum demonstrauimus, uirum diuitiis et auctoritate nominis Hungarici longe principem, Viannam ad rem, uti se habebat, indicandam misso.","urn:cts:croala:tubero.commentarii.croala-loci:body1.div1.div15.p2.s1.placeName46","urn:cite:croala:loci.63811","urn:cite:croala:loci.ana.63811"
64462,"Scaruisium","estlocus1","Ipse autem adscito expeditionis socio Paulo Cinisio, uiro bellicis artibus insigni, cum manu, quae praesto erat, fugientium uestigiis insistens, hostes ad Scaruisium amnem est consecutus.","urn:cts:croala:tubero.commentarii.croala-loci:body1.div1.div16.p1.s2.placeName22","urn:cite:croala:loci.64462","urn:cite:croala:loci.ana.64462"
65083,"Hungaria","estlocus1","Sed quum in pago sub ipsius radicibus montis, in quo monasterium situm est, pauci ex his, qui monasterium irruperant, uino onerati substitissent, monachus quidam, e Pelusiensi monasterio pulsus, qui loco preerat, licet esset Dalmata natione, ciuisque Rhacusanus ― nam Feudarense monasterium precio conduxerat ― multum tamen, eo quod in Hungaria inueterauerat, de regionis hauserat immanitate, et ipse mero simul et ira, quam singularis auaritia exasperauerat, malis consultoribus incitatus, ministros conuocat, de iniuriis monasterio illatis longa conqueritur oratione.","urn:cts:croala:tubero.commentarii.croala-loci:body1.div1.div16.p1.s5.placeName48","urn:cite:croala:loci.65083","urn:cite:croala:loci.ana.65083"
66274,"Hungaria","estlocus1","Tantum uero abfuit, ut hic sacerdos, propter hominis necem, aut publica censura, aut sua ipsius conscientia sacris arceretur, ut insuper scelere dissimulato in patria, quo metu iuditii ex Hungaria profugerat, a ciuibus Rhacusanis eiusce caedis ignaris Tribuniensium praesul fuerit dictus, licet titulum duntaxat huius pontificatus Rhacusani usurpent, Turcis ciuitatem possidentibus.","urn:cts:croala:tubero.commentarii.croala-loci:body1.div1.div16.p3.s1.placeName29","urn:cite:croala:loci.66274","urn:cite:croala:loci.ana.66274"
66487,"Romae","estlocus1","Nam quum Romae accusatus esset, obiectaque parum purgare uideretur, in carcerem coniectus est, mox Maphaeis, Veronensibus ciuibus, summis uiris, qui id temporis Romae agebant, deprecantibus ac reum iuditio sisti fideiubentibus, non modo e carcere eductus est, sed etiam accusatore, seu minis ab accusatione deterrito, seu per collusionem desistente, tandem episcopus declaratus.","urn:cts:croala:tubero.commentarii.croala-loci:body1.div1.div16.p3.s3.placeName3","urn:cite:croala:loci.66487","urn:cite:croala:loci.ana.66487"
66592,"Romae","estlocus1","Nam quum Romae accusatus esset, obiectaque parum purgare uideretur, in carcerem coniectus est, mox Maphaeis, Veronensibus ciuibus, summis uiris, qui id temporis Romae agebant, deprecantibus ac reum iuditio sisti fideiubentibus, non modo e carcere eductus est, sed etiam accusatore, seu minis ab accusatione deterrito, seu per collusionem desistente, tandem episcopus declaratus.","urn:cts:croala:tubero.commentarii.croala-loci:body1.div1.div16.p3.s3.placeName23","urn:cite:croala:loci.66592","urn:cite:croala:loci.ana.66592"
67856,"Scaruisium","estlocus1","E paludibus Albensis agri, ubi sedem regiam esse supra docuimus, amnis effunditur, et quia limum uehit turbidusque labitur, Scaruisium Hungari dicunt, atque non procul a Batha oppido in Danubium influit.","urn:cts:croala:tubero.commentarii.croala-loci:body1.div1.div17.p1.s1.placeName19","urn:cite:croala:loci.67856","urn:cite:croala:loci.ana.67856"
67890,"Batha","estlocus1","E paludibus Albensis agri, ubi sedem regiam esse supra docuimus, amnis effunditur, et quia limum uehit turbidusque labitur, Scaruisium Hungari dicunt, atque non procul a Batha oppido in Danubium influit.","urn:cts:croala:tubero.commentarii.croala-loci:body1.div1.div17.p1.s1.placeName26","urn:cite:croala:loci.67890","urn:cite:croala:loci.ana.67890"
67903,"Danubium","estlocus1","E paludibus Albensis agri, ubi sedem regiam esse supra docuimus, amnis effunditur, et quia limum uehit turbidusque labitur, Scaruisium Hungari dicunt, atque non procul a Batha oppido in Danubium influit.","urn:cts:croala:tubero.commentarii.croala-loci:body1.div1.div17.p1.s1.placeName29","urn:cite:croala:loci.67903","urn:cite:croala:loci.ana.67903"
71929,"Budam","estlocus1","Suppelex regia misere diripitur; Bather uictor Budam reuertitur; reginae uiduae de connubio cum Vladislauo rege blanditur.","urn:cts:croala:tubero.commentarii.croala-loci:body1.div1.div19.argument1.p1.s1.placeName7","urn:cite:croala:loci.71929","urn:cite:croala:loci.ana.71929"
73332,"Budam","estlocus1","Fugato regulo Stephanus Bather Bartholomeum Berislauum, Varanensem priorem, et Michaelem Canasium uinctos secum ducens, cum exercitu praede honusto laetus uelut non de ciuibus, sed externis hostibus uictoriam esset consecutus, Budam reuertitur.","urn:cts:croala:tubero.commentarii.croala-loci:body1.div1.div19.p3.s1.placeName30","urn:cite:croala:loci.73332","urn:cite:croala:loci.ana.73332"
74357,"Hungariam","estlocus1","Qua gestiens (ut sunt foeminae natura temperandis animi affectibus impotentes) credebat ea uictoria rem suam magnis auctibus creuisse, atque ob id Hungarorum dolum percipere non potuit, qui ei, inscio, ut arbitror, rege Vuladislauo (nondum enim in Hungariam uenerat) intendebatur, uirique defuncti non sine famae iactura omnino iam obliuiscitur, atque amori, quo dudum capta erat, indulgens magno studio Vuladislaui partes suscepit.","urn:cts:croala:tubero.commentarii.croala-loci:body1.div2.div1.p1.s2.placeName37","urn:cite:croala:loci.74357","urn:cite:croala:loci.ana.74357"
76608,"Danubio","estlocus1","Qua orientem solem atque meridiem spectat, decliuitate montis, in quo urbs posita est, oppugnatu difficilis est, qua in septentrionem uergit, quod praeterfluenti Danubio imminet, prorsus ab oppugnatione tuta est.","urn:cts:croala:tubero.commentarii.croala-loci:body1.div2.div2.p2.s2.placeName23","urn:cite:croala:loci.76608","urn:cite:croala:loci.ana.76608"
77221,"Visegradum","estlocus1","Dum haec oppugnatio paratur, regina, ut undique ac eodem tempore hostibus metus iniceretur, castellum quod incolae Visegradum uocant, ubi regium diadema asseruatur, mittit oppugnatum, attributo hoc seorsum suo exercitui negotio.","urn:cts:croala:tubero.commentarii.croala-loci:body1.div2.div2.p4.s1.placeName17","urn:cite:croala:loci.77221","urn:cite:croala:loci.ana.77221"
77342,"Visegradum","estlocus1","Itaque, tametsi Visegradum situ ac muro ingentis operis esset ferme inexpugnabile, tamen intra paucos dies castellum in potestatem optimatum iubente regulo his conditionibus custodes dedidere.","urn:cts:croala:tubero.commentarii.croala-loci:body1.div2.div2.p4.s3.placeName3","urn:cite:croala:loci.77342","urn:cite:croala:loci.ana.77342"
77479,"Scaruisium","estlocus1","Primum ut, quicquid regulo in praelio ad Scaruisium commisso esset ereptum, restitueretur, adiecta insuper Dalmatiae praefectura, cum omnibus rebus ei a patre relictis, atque ab se dudum possessis; deinde ut omnibus suae factionis hominibus uenia daretur, nec fraudi esset, quod contra communem nobilitatis consensionem reguli partes secuti fuissent.","urn:cts:croala:tubero.commentarii.croala-loci:body1.div2.div2.p4.s4.placeName8","urn:cite:croala:loci.77479","urn:cite:croala:loci.ana.77479"
78055,"Pragam","estlocus1","Interim regina spe plena, ut princeps gratum nuntium ad Boemorum regem attulisse uideretur, mittit Pragam ― sedes est regni Boemici ― Georgium quendam Boemum, lanii quidem filium, sed apud ipsam a paruo educatum, qui et Vuladislauo nunciaret se ab Hungaris regem esse designatum, et hortaretur eum ut, si in Hungaria regnare uelit, quamprimum cum exercitu ueniret, simulque oraret, ne se e clarissimis Europae regibus progenitam matrimonio iungere aspernaretur.","urn:cts:croala:tubero.commentarii.croala-loci:body1.div2.div2.p5.s1.placeName15","urn:cite:croala:loci.78055","urn:cite:croala:loci.ana.78055"
78218,"Hungaria","estlocus1","Interim regina spe plena, ut princeps gratum nuntium ad Boemorum regem attulisse uideretur, mittit Pragam ― sedes est regni Boemici ― Georgium quendam Boemum, lanii quidem filium, sed apud ipsam a paruo educatum, qui et Vuladislauo nunciaret se ab Hungaris regem esse designatum, et hortaretur eum ut, si in Hungaria regnare uelit, quamprimum cum exercitu ueniret, simulque oraret, ne se e clarissimis Europae regibus progenitam matrimonio iungere aspernaretur.","urn:cts:croala:tubero.commentarii.croala-loci:body1.div2.div2.p5.s1.placeName48","urn:cite:croala:loci.78218","urn:cite:croala:loci.ana.78218"
80444,"Hungaria","estlocus1","Igitur publica oratoris persona, nescio quidem quam honeste, amice tamen, non tam exuta quam parumper seposita, quae in rem tuam esse censeo, tibi nunc in Hungaria regnaturo opportune ante oculos ponam.","urn:cts:croala:tubero.commentarii.croala-loci:body1.div2.div3.quote1.p1.s6.placeName26","urn:cite:croala:loci.80444","urn:cite:croala:loci.ana.80444"
85144,"Hungaria","estlocus1","Cur igitur, Iane, me in Hungaria regnaturum deseris, remque mihi laetissimam tristem facis?","urn:cts:croala:tubero.commentarii.croala-loci:body1.div2.div4.quote1.p1.s9.placeName6","urn:cite:croala:loci.85144","urn:cite:croala:loci.ana.85144"
85353,"Vngaria","estlocus1","Cur, si mecum non eras in Vngaria uicturus, me tantopere ad nouum regnum accipiendum hortabare, an forte simulata in me adortando usus oratione uerecunde admonuisti me temere regnum Hungariae affectasse?","urn:cts:croala:tubero.commentarii.croala-loci:body1.div2.div4.quote1.p1.s12.placeName7","urn:cite:croala:loci.85353","urn:cite:croala:loci.ana.85353"
89154,"Hungariam","estlocus1","Vuladislauus in Hungariam festinat; apud Strigonium subsistens a proceribus rex salutatur, ac simul de animo suo erga reginam uiduam tentatur; mox Budam petit atque in regiam introducitur.","urn:cts:croala:tubero.commentarii.croala-loci:body1.div2.div5.argument1.p1.s1.placeName3","urn:cite:croala:loci.89154","urn:cite:croala:loci.ana.89154"
89171,"Strigonium","estlocus1","Vuladislauus in Hungariam festinat; apud Strigonium subsistens a proceribus rex salutatur, ac simul de animo suo erga reginam uiduam tentatur; mox Budam petit atque in regiam introducitur.","urn:cts:croala:tubero.commentarii.croala-loci:body1.div2.div5.argument1.p1.s1.placeName6","urn:cite:croala:loci.89171","urn:cite:croala:loci.ana.89171"
89244,"Budam","estlocus1","Vuladislauus in Hungariam festinat; apud Strigonium subsistens a proceribus rex salutatur, ac simul de animo suo erga reginam uiduam tentatur; mox Budam petit atque in regiam introducitur.","urn:cts:croala:tubero.commentarii.croala-loci:body1.div2.div5.argument1.p1.s1.placeName22","urn:cite:croala:loci.89244","urn:cite:croala:loci.ana.89244"
89370,"Hungariam","estlocus1","Igitur Vuladislauus, ubi intellexit se ab Hungaris regem declaratum, confestim cum comitatu suo tantum ac paucis purpuratorum magnis in Hungariam itineribus contendit.","urn:cts:croala:tubero.commentarii.croala-loci:body1.div2.div5.p1.s1.placeName20","urn:cite:croala:loci.89370","urn:cite:croala:loci.ana.89370"
89403,"Danubium","estlocus1","Atque ubi ad Danubium peruenit, non procul a Strigonio in ulteriori fluminis ripa subsistit, quoad missus Budam nuntius de suo aduentu principes Hungarorum certiores facturus reuerteretur.","urn:cts:croala:tubero.commentarii.croala-loci:body1.div2.div5.p1.s2.placeName4","urn:cite:croala:loci.89403","urn:cite:croala:loci.ana.89403"
435,urn:cts:croala:modruski-n.oratio-riario.croala-loci:body1.div1.head1.s1.w9,sancti,estlocus2,Oratio in funere reuerendissimi domini domini Petri cardinalis sancti Sixti habita a reuerendo patre domino Nicolao episcopo Modrusiensi.,urn:cite:croala:loci.ana.435,urn:cite:croala:loci.ana-nota.435
440,urn:cts:croala:modruski-n.oratio-riario.croala-loci:body1.div1.head1.s1.name10,Sixti,estlocus2,Oratio in funere reuerendissimi domini domini Petri cardinalis sancti Sixti habita a reuerendo patre domino Nicolao episcopo Modrusiensi.,urn:cite:croala:loci.ana.440,urn:cite:croala:loci.ana-nota.435
473,urn:cts:croala:modruski-n.oratio-riario.croala-loci:body1.div1.head1.s1.placeName18,Modrusiensi,estlocus4,Oratio in funere reuerendissimi domini domini Petri cardinalis sancti Sixti habita a reuerendo patre domino Nicolao episcopo Modrusiensi.,urn:cite:croala:loci.ana.473,urn:cite:croala:loci.ana-nota.473
2162,urn:cts:croala:modruski-n.oratio-riario.croala-loci:body1.div1.p2.s1.w10,sancti,estlocus2,"Dicturus igitur de laudibus reuerendissimi domini domini Petri cardinalis sancti Sixti, cuius miserandum funus hodierna die celebratur, eas laudes, quas uel a parentibus uel a patria ipsius colligere poteram, hoc loco praetermittendas putaui; non quod illas aut obscuras aut tenues fore dixerim, quoniam et honestissimis nobilissimisque ciuitatis suae parentibus est ortus, et celeberrimo uetustoque Ligurum oppido Saona, uerum quod ipse illis tanto decori ac ornamento fuerit ut toto in orbe extremisque terrarum finibus amplissimis laudibus summaque gloria et celebrantur nunc et omnibus futuris saeculis non desinent celebrari.",urn:cite:croala:loci.ana.2162,urn:cite:croala:loci.ana-nota.435
2167,urn:cts:croala:modruski-n.oratio-riario.croala-loci:body1.div1.p2.s1.name11,Sixti,estlocus2,"Dicturus igitur de laudibus reuerendissimi domini domini Petri cardinalis sancti Sixti, cuius miserandum funus hodierna die celebratur, eas laudes, quas uel a parentibus uel a patria ipsius colligere poteram, hoc loco praetermittendas putaui; non quod illas aut obscuras aut tenues fore dixerim, quoniam et honestissimis nobilissimisque ciuitatis suae parentibus est ortus, et celeberrimo uetustoque Ligurum oppido Saona, uerum quod ipse illis tanto decori ac ornamento fuerit ut toto in orbe extremisque terrarum finibus amplissimis laudibus summaque gloria et celebrantur nunc et omnibus futuris saeculis non desinent celebrari.",urn:cite:croala:loci.ana.2167,urn:cite:croala:loci.ana-nota.435
2372,urn:cts:croala:modruski-n.oratio-riario.croala-loci:body1.div1.p2.s1.placeName55,Ligurum,estlocus3,"Dicturus igitur de laudibus reuerendissimi domini domini Petri cardinalis sancti Sixti, cuius miserandum funus hodierna die celebratur, eas laudes, quas uel a parentibus uel a patria ipsius colligere poteram, hoc loco praetermittendas putaui; non quod illas aut obscuras aut tenues fore dixerim, quoniam et honestissimis nobilissimisque ciuitatis suae parentibus est ortus, et celeberrimo uetustoque Ligurum oppido Saona, uerum quod ipse illis tanto decori ac ornamento fuerit ut toto in orbe extremisque terrarum finibus amplissimis laudibus summaque gloria et celebrantur nunc et omnibus futuris saeculis non desinent celebrari.",urn:cite:croala:loci.ana.2372,urn:cite:croala:loci.ana-nota.2372 urn:cite:croala:loci.ana-nota.2382
2377,urn:cts:croala:modruski-n.oratio-riario.croala-loci:body1.div1.p2.s1.w56,oppido,estlocus2,"Dicturus igitur de laudibus reuerendissimi domini domini Petri cardinalis sancti Sixti, cuius miserandum funus hodierna die celebratur, eas laudes, quas uel a parentibus uel a patria ipsius colligere poteram, hoc loco praetermittendas putaui; non quod illas aut obscuras aut tenues fore dixerim, quoniam et honestissimis nobilissimisque ciuitatis suae parentibus est ortus, et celeberrimo uetustoque Ligurum oppido Saona, uerum quod ipse illis tanto decori ac ornamento fuerit ut toto in orbe extremisque terrarum finibus amplissimis laudibus summaque gloria et celebrantur nunc et omnibus futuris saeculis non desinent celebrari.",urn:cite:croala:loci.ana.2377,urn:cite:croala:loci.ana-nota.2382
2382,urn:cts:croala:modruski-n.oratio-riario.croala-loci:body1.div1.p2.s1.placeName57,Saona,estlocus1,"Dicturus igitur de laudibus reuerendissimi domini domini Petri cardinalis sancti Sixti, cuius miserandum funus hodierna die celebratur, eas laudes, quas uel a parentibus uel a patria ipsius colligere poteram, hoc loco praetermittendas putaui; non quod illas aut obscuras aut tenues fore dixerim, quoniam et honestissimis nobilissimisque ciuitatis suae parentibus est ortus, et celeberrimo uetustoque Ligurum oppido Saona, uerum quod ipse illis tanto decori ac ornamento fuerit ut toto in orbe extremisque terrarum finibus amplissimis laudibus summaque gloria et celebrantur nunc et omnibus futuris saeculis non desinent celebrari.",urn:cite:croala:loci.ana.2382,urn:cite:croala:loci.ana-nota.2382
3151,urn:cts:croala:modruski-n.oratio-riario.croala-loci:body1.div1.p3.s3.placeName24,Senis,estlocus1,"Clarescebat autem iam tunc nomen religiosissimi doctissimique uiri magistri Francisci, conciuis et auunculi sui, nunc summi pontificis papae Sixti, qui per id tempus Senis suis fratribus sacras scripturas interpretabatur.",urn:cite:croala:loci.ana.3151,urn:cite:croala:loci.ana-nota.3151
4108,urn:cts:croala:modruski-n.oratio-riario.croala-loci:body1.div1.p3.s10.placeName8,Vicheriae,estlocus1,"Itaque docto cuidam grammatico Latinis eum litteris Vicheriae imbuendum tradidit, quibus mira celeritate perceptis mox Ticinium, deinde Patauium, subinde Venetias, Bononiam, Perusium, Senam, Ferrariamque misit ut, quaecumque in tam celeberrimis Italiae gymnasiis aut liberalium artium aut sacrarum litterarum dogmata florerent, ipse uelut operosa apis undique colligeret et in sacram pectoris sui cellulam diligenter reconderet.",urn:cite:croala:loci.ana.4108,urn:cite:croala:loci.ana-nota.4108
4145,urn:cts:croala:modruski-n.oratio-riario.croala-loci:body1.div1.p3.s10.placeName16,Ticinium,estlocus1,"Itaque docto cuidam grammatico Latinis eum litteris Vicheriae imbuendum tradidit, quibus mira celeritate perceptis mox Ticinium, deinde Patauium, subinde Venetias, Bononiam, Perusium, Senam, Ferrariamque misit ut, quaecumque in tam celeberrimis Italiae gymnasiis aut liberalium artium aut sacrarum litterarum dogmata florerent, ipse uelut operosa apis undique colligeret et in sacram pectoris sui cellulam diligenter reconderet.",urn:cite:croala:loci.ana.4145,urn:cite:croala:loci.ana-nota.4145
4158,urn:cts:croala:modruski-n.oratio-riario.croala-loci:body1.div1.p3.s10.placeName18,Patauium,estlocus1,"Itaque docto cuidam grammatico Latinis eum litteris Vicheriae imbuendum tradidit, quibus mira celeritate perceptis mox Ticinium, deinde Patauium, subinde Venetias, Bononiam, Perusium, Senam, Ferrariamque misit ut, quaecumque in tam celeberrimis Italiae gymnasiis aut liberalium artium aut sacrarum litterarum dogmata florerent, ipse uelut operosa apis undique colligeret et in sacram pectoris sui cellulam diligenter reconderet.",urn:cite:croala:loci.ana.4158,urn:cite:croala:loci.ana-nota.4158
4171,urn:cts:croala:modruski-n.oratio-riario.croala-loci:body1.div1.p3.s10.placeName20,Venetias,estlocus1,"Itaque docto cuidam grammatico Latinis eum litteris Vicheriae imbuendum tradidit, quibus mira celeritate perceptis mox Ticinium, deinde Patauium, subinde Venetias, Bononiam, Perusium, Senam, Ferrariamque misit ut, quaecumque in tam celeberrimis Italiae gymnasiis aut liberalium artium aut sacrarum litterarum dogmata florerent, ipse uelut operosa apis undique colligeret et in sacram pectoris sui cellulam diligenter reconderet.",urn:cite:croala:loci.ana.4171,urn:cite:croala:loci.ana-nota.4171
4180,urn:cts:croala:modruski-n.oratio-riario.croala-loci:body1.div1.p3.s10.placeName21,Bononiam,estlocus1,"Itaque docto cuidam grammatico Latinis eum litteris Vicheriae imbuendum tradidit, quibus mira celeritate perceptis mox Ticinium, deinde Patauium, subinde Venetias, Bononiam, Perusium, Senam, Ferrariamque misit ut, quaecumque in tam celeberrimis Italiae gymnasiis aut liberalium artium aut sacrarum litterarum dogmata florerent, ipse uelut operosa apis undique colligeret et in sacram pectoris sui cellulam diligenter reconderet.",urn:cite:croala:loci.ana.4180,urn:cite:croala:loci.ana-nota.4180
4189,urn:cts:croala:modruski-n.oratio-riario.croala-loci:body1.div1.p3.s10.placeName22,Perusium,estlocus1,"Itaque docto cuidam grammatico Latinis eum litteris Vicheriae imbuendum tradidit, quibus mira celeritate perceptis mox Ticinium, deinde Patauium, subinde Venetias, Bononiam, Perusium, Senam, Ferrariamque misit ut, quaecumque in tam celeberrimis Italiae gymnasiis aut liberalium artium aut sacrarum litterarum dogmata florerent, ipse uelut operosa apis undique colligeret et in sacram pectoris sui cellulam diligenter reconderet.",urn:cite:croala:loci.ana.4189,urn:cite:croala:loci.ana-nota.4189
4198,urn:cts:croala:modruski-n.oratio-riario.croala-loci:body1.div1.p3.s10.placeName23,Senam,estlocus1,"Itaque docto cuidam grammatico Latinis eum litteris Vicheriae imbuendum tradidit, quibus mira celeritate perceptis mox Ticinium, deinde Patauium, subinde Venetias, Bononiam, Perusium, Senam, Ferrariamque misit ut, quaecumque in tam celeberrimis Italiae gymnasiis aut liberalium artium aut sacrarum litterarum dogmata florerent, ipse uelut operosa apis undique colligeret et in sacram pectoris sui cellulam diligenter reconderet.",urn:cite:croala:loci.ana.4198,urn:cite:croala:loci.ana-nota.3151
4207,urn:cts:croala:modruski-n.oratio-riario.croala-loci:body1.div1.p3.s10.placeName24,Ferrariamque,estlocus1,"Itaque docto cuidam grammatico Latinis eum litteris Vicheriae imbuendum tradidit, quibus mira celeritate perceptis mox Ticinium, deinde Patauium, subinde Venetias, Bononiam, Perusium, Senam, Ferrariamque misit ut, quaecumque in tam celeberrimis Italiae gymnasiis aut liberalium artium aut sacrarum litterarum dogmata florerent, ipse uelut operosa apis undique colligeret et in sacram pectoris sui cellulam diligenter reconderet.",urn:cite:croala:loci.ana.4207,urn:cite:croala:loci.ana-nota.4207
4240,urn:cts:croala:modruski-n.oratio-riario.croala-loci:body1.div1.p3.s10.placeName31,Italiae,estlocus4,"Itaque docto cuidam grammatico Latinis eum litteris Vicheriae imbuendum tradidit, quibus mira celeritate perceptis mox Ticinium, deinde Patauium, subinde Venetias, Bononiam, Perusium, Senam, Ferrariamque misit ut, quaecumque in tam celeberrimis Italiae gymnasiis aut liberalium artium aut sacrarum litterarum dogmata florerent, ipse uelut operosa apis undique colligeret et in sacram pectoris sui cellulam diligenter reconderet.",urn:cite:croala:loci.ana.4240,urn:cite:croala:loci.ana-nota.4240 urn:cite:croala:loci.ana-nota.4245
4245,urn:cts:croala:modruski-n.oratio-riario.croala-loci:body1.div1.p3.s10.w32,gymnasiis,estlocus2,"Itaque docto cuidam grammatico Latinis eum litteris Vicheriae imbuendum tradidit, quibus mira celeritate perceptis mox Ticinium, deinde Patauium, subinde Venetias, Bononiam, Perusium, Senam, Ferrariamque misit ut, quaecumque in tam celeberrimis Italiae gymnasiis aut liberalium artium aut sacrarum litterarum dogmata florerent, ipse uelut operosa apis undique colligeret et in sacram pectoris sui cellulam diligenter reconderet.",urn:cite:croala:loci.ana.4245,urn:cite:croala:loci.ana-nota.4245
5214,urn:cts:croala:modruski-n.oratio-riario.croala-loci:body1.div1.p3.s17.placeName11,Romam,estlocus1,"Quibus uarie sollicitatus coepit auunculum suum hortari, coepit importunius compellere Romam peteret atque in ea urbe uersari uellet, in qua a maximo omnium rectore deo futurus summus pontifex erat designatus; ubi et seipsum accepturum ab eo cardinalatus decus et alios uniuersos honores, quibus eum functum uidimus, mira asseueratione praedicebat.",urn:cite:croala:loci.ana.5214,urn:cite:croala:loci.ana-nota.5214
5599,urn:cts:croala:modruski-n.oratio-riario.croala-loci:body1.div1.p3.s19.placeName21,Romam,estlocus1,"Itaque repugnantem magistrum et se tanto fastigio indignum reclamantem urgere non destitit donec multis et signis et prodigiis euictum propulit Romam proficisci, in qua constitutus minime conquieuit antequam demandatum ab altissimi prouidentia munus uiriliter absolueret et magistrum suum per uaria bonorum incrementa ad summum apostolatus culmen conscendisse uideret, pro quibus laboribus et pro tam diligenti nauata opera eadem ipsa diuina prouidentia, quae semper infirma mundi eligere consueuit ut fortia quaeque confundat, cardinalis eum dignitatis splendore uoluit illustrare omnibusque mundi principibus ostendere quo ministro et ex quam humili loco accepto uoluerit in sui uicarii assumptione uti, ut discerent uniuersi ueram certamque esse illam Nabuchodonosoris confessionem in quam et regno et sensui restitutus supplex prorupit dicens in manu solius omnipotentis dei esse omnia regna terrarum atque illa quibus ipse uoluerit tradi nec esse alium quemquam qui eius possit obsistere uoluntati aut dicere illi quare sic fecisti.",urn:cite:croala:loci.ana.5599,urn:cite:croala:loci.ana-nota.5214
10616,urn:cts:croala:modruski-n.oratio-riario.croala-loci:body1.div1.p10.s2.placeName10,Italiae,estlocus4,"Ostendit id nouissima haec ipsius legatio in qua omnes Italiae populi singulique ipsorum principes summis decertarunt studiis quisnam eum amplioribus honoribus exciperet et prosequeretur, illeque se uicisse putabat qui plurima in eum ornamenta contulisset.",urn:cite:croala:loci.ana.10616,urn:cite:croala:loci.ana-nota.4240
11089,urn:cts:croala:modruski-n.oratio-riario.croala-loci:body1.div1.p10.s6.placeName36,Italiae,estlocus3,"Secedebat bis terque per diem in cubiculum aut in aliquem secretiorem locum in quo ad multam horam deambulando summas reipublicae Christianae rationes tacitus secum computabat; totas enim animi uires, postquam a legatione redierat, in pacem Italiae et perfidi hostis Christiani exitum intenderat, id unum moliebatur, id parabat, illuc omnia sua studia conuerterat, fecissetque uotis satis ni eum nobis haec dira atque crudelis mors tam repente praeripuisset.",urn:cite:croala:loci.ana.11089,urn:cite:croala:loci.ana-nota.4240
12214,urn:cts:croala:modruski-n.oratio-riario.croala-loci:body1.div1.p12.s2.placeName22,Mediolani,estlocus4,"In cognatos ac necessarios nequaquam prodigus, immo uero maxime parcus, excepto hoc piissimo fratre comite Hieronymo; quem quoniam ab inclito duce Mediolani connubio filiae dignatum cernebat, uoluit fraterna munificentia illustrare.",urn:cite:croala:loci.ana.12214,urn:cite:croala:loci.ana-nota.12214
12335,urn:cts:croala:modruski-n.oratio-riario.croala-loci:body1.div1.p12.s4.w1,Vrbem,estlocus2,"Vrbem enim Imolam, quae iam praefecti eius culpa ad alios deuenerat, quadraginta milibus ducatorum de propriis facultatibus redemptam imperio ecclesiae restituit.",urn:cite:croala:loci.ana.12335,urn:cite:croala:loci.ana-nota.12344
12344,urn:cts:croala:modruski-n.oratio-riario.croala-loci:body1.div1.p12.s4.placeName3,Imolam,estlocus1,"Vrbem enim Imolam, quae iam praefecti eius culpa ad alios deuenerat, quadraginta milibus ducatorum de propriis facultatibus redemptam imperio ecclesiae restituit.",urn:cite:croala:loci.ana.12344,urn:cite:croala:loci.ana-nota.12344
12653,urn:cts:croala:modruski-n.oratio-riario.croala-loci:body1.div1.p13.s2.placeName5,Imolae,estlocus4,"Vnde et uicario illi Imolae, quamuis de ecclesia male merito, non solum uictum, sed nihil prioribus minores fortunas dari curauit.",urn:cite:croala:loci.ana.12653,urn:cite:croala:loci.ana-nota.12653
12766,urn:cts:croala:modruski-n.oratio-riario.croala-loci:body1.div1.p13.s3.w7,opulentissimum,estlocus2,"Quattuordecim enim milia ducatorum accepit, et opulentissimum oppidum Bosti, ex quo et aliis a duce adiectis praediis plus quam quinque milia ducatorum quotannis capere poterit, neque Imolam nisi eo uolente redimere uoluit.",urn:cite:croala:loci.ana.12766,urn:cite:croala:loci.ana-nota.12776
12771,urn:cts:croala:modruski-n.oratio-riario.croala-loci:body1.div1.p13.s3.w8,oppidum,estlocus2,"Quattuordecim enim milia ducatorum accepit, et opulentissimum oppidum Bosti, ex quo et aliis a duce adiectis praediis plus quam quinque milia ducatorum quotannis capere poterit, neque Imolam nisi eo uolente redimere uoluit.",urn:cite:croala:loci.ana.12771,urn:cite:croala:loci.ana-nota.12776
12776,urn:cts:croala:modruski-n.oratio-riario.croala-loci:body1.div1.p13.s3.placeName9,Bosti,estlocus1,"Quattuordecim enim milia ducatorum accepit, et opulentissimum oppidum Bosti, ex quo et aliis a duce adiectis praediis plus quam quinque milia ducatorum quotannis capere poterit, neque Imolam nisi eo uolente redimere uoluit.",urn:cite:croala:loci.ana.12776,urn:cite:croala:loci.ana-nota.12776
12857,urn:cts:croala:modruski-n.oratio-riario.croala-loci:body1.div1.p13.s3.placeName27,Imolam,estlocus1,"Quattuordecim enim milia ducatorum accepit, et opulentissimum oppidum Bosti, ex quo et aliis a duce adiectis praediis plus quam quinque milia ducatorum quotannis capere poterit, neque Imolam nisi eo uolente redimere uoluit.",urn:cite:croala:loci.ana.12857,urn:cite:croala:loci.ana-nota.12653
14854,urn:cts:croala:modruski-n.oratio-riario.croala-loci:body1.div1.p16.s2.w6,hac,estlocus2,"Testatur hanc eius munificentiam in hac Romana urbe diui Gregorii templum et prouentibus optime auctum et aedificiis perquam magnifice instauratum; testatur Taruixii maior basilica non paruis ditata uectigalibus, et diuino cultu maxime illustrata; testatur Mediolani Ambrosii monasterium quod, cum accepisset omnibus ornamentis spoliatum, tam praeclara instruxit supellectili ut, quod prius caeteris illius urbis obscurius esse consueuerat, nunc splendore et omnifario apparatu uincat uniuersa.",urn:cite:croala:loci.ana.14854,urn:cite:croala:loci.ana-nota.14864 urn:cite:croala:loci.ana-nota.14869
14859,urn:cts:croala:modruski-n.oratio-riario.croala-loci:body1.div1.p16.s2.placeName7,Romana,estlocus2,"Testatur hanc eius munificentiam in hac Romana urbe diui Gregorii templum et prouentibus optime auctum et aedificiis perquam magnifice instauratum; testatur Taruixii maior basilica non paruis ditata uectigalibus, et diuino cultu maxime illustrata; testatur Mediolani Ambrosii monasterium quod, cum accepisset omnibus ornamentis spoliatum, tam praeclara instruxit supellectili ut, quod prius caeteris illius urbis obscurius esse consueuerat, nunc splendore et omnifario apparatu uincat uniuersa.",urn:cite:croala:loci.ana.14859,urn:cite:croala:loci.ana-nota.14864 urn:cite:croala:loci.ana-nota.14869
14864,urn:cts:croala:modruski-n.oratio-riario.croala-loci:body1.div1.p16.s2.w8,urbe,estlocus2,"Testatur hanc eius munificentiam in hac Romana urbe diui Gregorii templum et prouentibus optime auctum et aedificiis perquam magnifice instauratum; testatur Taruixii maior basilica non paruis ditata uectigalibus, et diuino cultu maxime illustrata; testatur Mediolani Ambrosii monasterium quod, cum accepisset omnibus ornamentis spoliatum, tam praeclara instruxit supellectili ut, quod prius caeteris illius urbis obscurius esse consueuerat, nunc splendore et omnifario apparatu uincat uniuersa.",urn:cite:croala:loci.ana.14864,urn:cite:croala:loci.ana-nota.14864 urn:cite:croala:loci.ana-nota.14869
14869,urn:cts:croala:modruski-n.oratio-riario.croala-loci:body1.div1.p16.s2.w9,diui,estlocus2,"Testatur hanc eius munificentiam in hac Romana urbe diui Gregorii templum et prouentibus optime auctum et aedificiis perquam magnifice instauratum; testatur Taruixii maior basilica non paruis ditata uectigalibus, et diuino cultu maxime illustrata; testatur Mediolani Ambrosii monasterium quod, cum accepisset omnibus ornamentis spoliatum, tam praeclara instruxit supellectili ut, quod prius caeteris illius urbis obscurius esse consueuerat, nunc splendore et omnifario apparatu uincat uniuersa.",urn:cite:croala:loci.ana.14869,urn:cite:croala:loci.ana-nota.14869
14874,urn:cts:croala:modruski-n.oratio-riario.croala-loci:body1.div1.p16.s2.name10,Gregorii,estlocus2,"Testatur hanc eius munificentiam in hac Romana urbe diui Gregorii templum et prouentibus optime auctum et aedificiis perquam magnifice instauratum; testatur Taruixii maior basilica non paruis ditata uectigalibus, et diuino cultu maxime illustrata; testatur Mediolani Ambrosii monasterium quod, cum accepisset omnibus ornamentis spoliatum, tam praeclara instruxit supellectili ut, quod prius caeteris illius urbis obscurius esse consueuerat, nunc splendore et omnifario apparatu uincat uniuersa.",urn:cite:croala:loci.ana.14874,urn:cite:croala:loci.ana-nota.14869
14879,urn:cts:croala:modruski-n.oratio-riario.croala-loci:body1.div1.p16.s2.w11,templum,estlocus2,"Testatur hanc eius munificentiam in hac Romana urbe diui Gregorii templum et prouentibus optime auctum et aedificiis perquam magnifice instauratum; testatur Taruixii maior basilica non paruis ditata uectigalibus, et diuino cultu maxime illustrata; testatur Mediolani Ambrosii monasterium quod, cum accepisset omnibus ornamentis spoliatum, tam praeclara instruxit supellectili ut, quod prius caeteris illius urbis obscurius esse consueuerat, nunc splendore et omnifario apparatu uincat uniuersa.",urn:cite:croala:loci.ana.14879,urn:cite:croala:loci.ana-nota.14869
14928,urn:cts:croala:modruski-n.oratio-riario.croala-loci:body1.div1.p16.s2.placeName22,Taruixii,estlocus1,"Testatur hanc eius munificentiam in hac Romana urbe diui Gregorii templum et prouentibus optime auctum et aedificiis perquam magnifice instauratum; testatur Taruixii maior basilica non paruis ditata uectigalibus, et diuino cultu maxime illustrata; testatur Mediolani Ambrosii monasterium quod, cum accepisset omnibus ornamentis spoliatum, tam praeclara instruxit supellectili ut, quod prius caeteris illius urbis obscurius esse consueuerat, nunc splendore et omnifario apparatu uincat uniuersa.",urn:cite:croala:loci.ana.14928,urn:cite:croala:loci.ana-nota.14928 urn:cite:croala:loci.ana-nota.14933
14933,urn:cts:croala:modruski-n.oratio-riario.croala-loci:body1.div1.p16.s2.w23,maior,estlocus2,"Testatur hanc eius munificentiam in hac Romana urbe diui Gregorii templum et prouentibus optime auctum et aedificiis perquam magnifice instauratum; testatur Taruixii maior basilica non paruis ditata uectigalibus, et diuino cultu maxime illustrata; testatur Mediolani Ambrosii monasterium quod, cum accepisset omnibus ornamentis spoliatum, tam praeclara instruxit supellectili ut, quod prius caeteris illius urbis obscurius esse consueuerat, nunc splendore et omnifario apparatu uincat uniuersa.",urn:cite:croala:loci.ana.14933,urn:cite:croala:loci.ana-nota.14933
14938,urn:cts:croala:modruski-n.oratio-riario.croala-loci:body1.div1.p16.s2.w24,basilica,estlocus2,"Testatur hanc eius munificentiam in hac Romana urbe diui Gregorii templum et prouentibus optime auctum et aedificiis perquam magnifice instauratum; testatur Taruixii maior basilica non paruis ditata uectigalibus, et diuino cultu maxime illustrata; testatur Mediolani Ambrosii monasterium quod, cum accepisset omnibus ornamentis spoliatum, tam praeclara instruxit supellectili ut, quod prius caeteris illius urbis obscurius esse consueuerat, nunc splendore et omnifario apparatu uincat uniuersa.",urn:cite:croala:loci.ana.14938,urn:cite:croala:loci.ana-nota.14933
14991,urn:cts:croala:modruski-n.oratio-riario.croala-loci:body1.div1.p16.s2.placeName35,Mediolani,estlocus1,"Testatur hanc eius munificentiam in hac Romana urbe diui Gregorii templum et prouentibus optime auctum et aedificiis perquam magnifice instauratum; testatur Taruixii maior basilica non paruis ditata uectigalibus, et diuino cultu maxime illustrata; testatur Mediolani Ambrosii monasterium quod, cum accepisset omnibus ornamentis spoliatum, tam praeclara instruxit supellectili ut, quod prius caeteris illius urbis obscurius esse consueuerat, nunc splendore et omnifario apparatu uincat uniuersa.",urn:cite:croala:loci.ana.14991,urn:cite:croala:loci.ana-nota.14991 urn:cite:croala:loci.ana-nota.12214
14996,urn:cts:croala:modruski-n.oratio-riario.croala-loci:body1.div1.p16.s2.name36,Ambrosii,estlocus2,"Testatur hanc eius munificentiam in hac Romana urbe diui Gregorii templum et prouentibus optime auctum et aedificiis perquam magnifice instauratum; testatur Taruixii maior basilica non paruis ditata uectigalibus, et diuino cultu maxime illustrata; testatur Mediolani Ambrosii monasterium quod, cum accepisset omnibus ornamentis spoliatum, tam praeclara instruxit supellectili ut, quod prius caeteris illius urbis obscurius esse consueuerat, nunc splendore et omnifario apparatu uincat uniuersa.",urn:cite:croala:loci.ana.14996,urn:cite:croala:loci.ana-nota.14996
15001,urn:cts:croala:modruski-n.oratio-riario.croala-loci:body1.div1.p16.s2.w37,monasterium,estlocus2,"Testatur hanc eius munificentiam in hac Romana urbe diui Gregorii templum et prouentibus optime auctum et aedificiis perquam magnifice instauratum; testatur Taruixii maior basilica non paruis ditata uectigalibus, et diuino cultu maxime illustrata; testatur Mediolani Ambrosii monasterium quod, cum accepisset omnibus ornamentis spoliatum, tam praeclara instruxit supellectili ut, quod prius caeteris illius urbis obscurius esse consueuerat, nunc splendore et omnifario apparatu uincat uniuersa.",urn:cite:croala:loci.ana.15001,urn:cite:croala:loci.ana-nota.14996
15138,urn:cts:croala:modruski-n.oratio-riario.croala-loci:body1.div1.p16.s3.placeName2,Papiae,estlocus1,"Testatur Papiae Maioli fanum in quo ne unum quidem uasculum in sacrificium reperit, libros autem prorsus nullos, adeo ut, quotiens diuina res patranda erat, opus esset ab aliis sacris aedibus omnia mutuari; nunc tanta cum omnium, tum praecipue libellorum, calicum, ac uestimentorum copia abundat ut aliae ecclesiae mutuum, quod praestare solebant, ab hac una omnes accipiant.",urn:cite:croala:loci.ana.15138,urn:cite:croala:loci.ana-nota.15138 urn:cite:croala:loci.ana-nota.15143
15143,urn:cts:croala:modruski-n.oratio-riario.croala-loci:body1.div1.p16.s3.name3,Maioli,estlocus2,"Testatur Papiae Maioli fanum in quo ne unum quidem uasculum in sacrificium reperit, libros autem prorsus nullos, adeo ut, quotiens diuina res patranda erat, opus esset ab aliis sacris aedibus omnia mutuari; nunc tanta cum omnium, tum praecipue libellorum, calicum, ac uestimentorum copia abundat ut aliae ecclesiae mutuum, quod praestare solebant, ab hac una omnes accipiant.",urn:cite:croala:loci.ana.15143,urn:cite:croala:loci.ana-nota.15143
15148,urn:cts:croala:modruski-n.oratio-riario.croala-loci:body1.div1.p16.s3.w4,fanum,estlocus2,"Testatur Papiae Maioli fanum in quo ne unum quidem uasculum in sacrificium reperit, libros autem prorsus nullos, adeo ut, quotiens diuina res patranda erat, opus esset ab aliis sacris aedibus omnia mutuari; nunc tanta cum omnium, tum praecipue libellorum, calicum, ac uestimentorum copia abundat ut aliae ecclesiae mutuum, quod praestare solebant, ab hac una omnes accipiant.",urn:cite:croala:loci.ana.15148,urn:cite:croala:loci.ana-nota.15143
15525,urn:cts:croala:modruski-n.oratio-riario.croala-loci:body1.div1.p16.s5.w1,Haec,estlocus2,Haec quoque sacra apostolorum aedes beneficentiam eius testari potuisset si tantum quatuor mensibus superstitem uidisset.,urn:cite:croala:loci.ana.15525,urn:cite:croala:loci.ana-nota.15525
15534,urn:cts:croala:modruski-n.oratio-riario.croala-loci:body1.div1.p16.s5.w3,sacra,estlocus2,Haec quoque sacra apostolorum aedes beneficentiam eius testari potuisset si tantum quatuor mensibus superstitem uidisset.,urn:cite:croala:loci.ana.15534,urn:cite:croala:loci.ana-nota.15525
15539,urn:cts:croala:modruski-n.oratio-riario.croala-loci:body1.div1.p16.s5.w4,apostolorum,estlocus2,Haec quoque sacra apostolorum aedes beneficentiam eius testari potuisset si tantum quatuor mensibus superstitem uidisset.,urn:cite:croala:loci.ana.15539,urn:cite:croala:loci.ana-nota.15525
15544,urn:cts:croala:modruski-n.oratio-riario.croala-loci:body1.div1.p16.s5.w5,aedes,estlocus2,Haec quoque sacra apostolorum aedes beneficentiam eius testari potuisset si tantum quatuor mensibus superstitem uidisset.,urn:cite:croala:loci.ana.15544,urn:cite:croala:loci.ana-nota.15525
