estlocus4,Eoae,"Qui tamen Eoae gemmas immiscuit algae ,",LEMMA,LEMMA CITE URN,MORPH CITE URN,ANNOTATOR,urn:cts:croala:crije02.croala292491.croala-lat2w:body.div1.div1.l121.w3,4690
estlocus4,Idumeis,"Spirat Idumeis nardus amoena rubis ,",LEMMA,LEMMA CITE URN,MORPH CITE URN,ANNOTATOR,urn:cts:croala:crije02.croala292491.croala-lat2w:body.div1.div1.l142.w2,5349
estlocus3,Ditis,"Te , lucemque tuam tremit Orcus et intima Ditis",LEMMA,LEMMA CITE URN,MORPH CITE URN,ANNOTATOR,urn:cts:croala:crije02.croala292491.croala-lat2w:body.div1.div1.l159.w8,5896
estlocus2,Eoo,Quid dicam Eoo uenerandis littore cunis,LEMMA,LEMMA CITE URN,MORPH CITE URN,ANNOTATOR,urn:cts:croala:crije02.croala292491.croala-lat2w:body.div1.div1.l191.w3,6892
estlocus1,Bactra,Memnonias liquere domos atque ultima Bactra,LEMMA,LEMMA CITE URN,MORPH CITE URN,ANNOTATOR,urn:cts:croala:crije02.croala292491.croala-lat2w:body.div1.div1.l195.w6,7020
estlocus1,Aurorae,"Et procul Aurorae ditia regna suae ,",LEMMA,LEMMA CITE URN,MORPH CITE URN,ANNOTATOR,urn:cts:croala:crije02.croala292491.croala-lat2w:body.div1.div1.l196.w3,7036
estlocus2,Bethlemica,Vtque recognoscunt Bethlemica culmina tantum,LEMMA,LEMMA CITE URN,MORPH CITE URN,ANNOTATOR,urn:cts:croala:crije02.croala292491.croala-lat2w:body.div1.div1.l207.w3,7347
estlocus1,Idumeos,"Iam per Idumeos iter irreuocabile tendunt ,",LEMMA,LEMMA CITE URN,MORPH CITE URN,ANNOTATOR,urn:cts:croala:crije02.croala292491.croala-lat2w:body.div1.div1.l211.w3,7451
estlocus2,Idaei,"Idaei tibi ficta Iouis cunabula cedant ,",LEMMA,LEMMA CITE URN,MORPH CITE URN,ANNOTATOR,urn:cts:croala:crije02.croala292491.croala-lat2w:body.div1.div1.l241.w1,8426
estlocus1,Iordanem,"Iordanem , loto sacra fluenta Deo ?",LEMMA,LEMMA CITE URN,MORPH CITE URN,ANNOTATOR,urn:cts:croala:crije02.croala292491.croala-lat2w:body.div1.div1.l264.w1,9214
estlocus4,Archtois,Dira uel Archtois piscibus esca natant ;,LEMMA,LEMMA CITE URN,MORPH CITE URN,ANNOTATOR,urn:cts:croala:crije02.croala292491.croala-lat2w:body.div1.div2.l104.w3,13197
estlocus1,Ister,Ister anhelantes decolor auxit aquas .,LEMMA,LEMMA CITE URN,MORPH CITE URN,ANNOTATOR,urn:cts:croala:crije02.croala292491.croala-lat2w:body.div1.div2.l106.w1,13245
estlocus1,Istrum,Inferiisque suis populatum mitiget Istrum,LEMMA,LEMMA CITE URN,MORPH CITE URN,ANNOTATOR,urn:cts:croala:crije02.croala292491.croala-lat2w:body.div1.div2.l113.w5,13469
estlocus2,Echioniis,Aut quod Echioniis uix fas est credere Thebis :,LEMMA,LEMMA CITE URN,MORPH CITE URN,ANNOTATOR,urn:cts:croala:crije02.croala292491.croala-lat2w:body.div1.div2.l119.w3,13640
estlocus1,Buda,"Non igitur proauos te sospite Buda requirat ,",LEMMA,LEMMA CITE URN,MORPH CITE URN,ANNOTATOR,urn:cts:croala:crije02.croala292491.croala-lat2w:body.div1.div2.l63.w6,11919
estlocus2,Boemo,Quae merito crines regno sociata Boemo,LEMMA,LEMMA CITE URN,MORPH CITE URN,ANNOTATOR,urn:cts:croala:crije02.croala292491.croala-lat2w:body.div1.div2.l71.w6,12190
estlocus2,Illyrico,"Gaudet in Illyrico littore Roma loqui ,",LEMMA,LEMMA CITE URN,MORPH CITE URN,ANNOTATOR,urn:cts:croala:crije02.croala292491.croala-lat2w:body.div1.div2.l8.w3,10048
estlocus1,Arctos,"Iure tuis igitur sociabilis Arctos habenis ,",LEMMA,LEMMA CITE URN,MORPH CITE URN,ANNOTATOR,urn:cts:croala:crije02.croala292491.croala-lat2w:body.div1.div2.l81.w5,12498
estlocus1,Ister,Te septemgeminis Ister adorat aquis ;,LEMMA,LEMMA CITE URN,MORPH CITE URN,ANNOTATOR,urn:cts:croala:crije02.croala292491.croala-lat2w:body.div1.div2.l86.w3,12654
estlocus2,Borystenii,"Teque Borystenii latices uenerantur et Albis ,",LEMMA,LEMMA CITE URN,MORPH CITE URN,ANNOTATOR,urn:cts:croala:crije02.croala292491.croala-lat2w:body.div1.div2.l87.w2,12678
estlocus3,Hunnos,Sic uastare Hunnos et desolare profectus,LEMMA,LEMMA CITE URN,MORPH CITE URN,ANNOTATOR,urn:cts:croala:crije02.croala292491.croala-lat2w:body.div1.div2.l95.w3,12937
estlocus1,Adria,"Sed ne , interiectis tot molibus , Adria clausus",LEMMA,LEMMA CITE URN,MORPH CITE URN,ANNOTATOR,urn:cts:croala:crije02.croala292491.croala-lat2w:body.div1.div20.l5.w6,33797
estlocus2,Adriacas,"Adriacas tendat proximus horror aquas ,",LEMMA,LEMMA CITE URN,MORPH CITE URN,ANNOTATOR,urn:cts:croala:crije02.croala292491.croala-lat2w:body.div1.div21.l2.w1,33967
estlocus3,Gallorum,3 . Ad regem Gallorum,LEMMA,LEMMA CITE URN,MORPH CITE URN,ANNOTATOR,urn:cts:croala:crije02.croala292491.croala-lat2w:body.div1.div3.head.w4,15566
estlocus1,Alpes,"Inuictus quid enim ? uix Alpes scandis , et ecce",LEMMA,LEMMA CITE URN,MORPH CITE URN,ANNOTATOR,urn:cts:croala:crije02.croala292491.croala-lat2w:body.div1.div3.l11.w5,15942
estlocus1,Italiae,Obuia deditio totius Italiae !,LEMMA,LEMMA CITE URN,MORPH CITE URN,ANNOTATOR,urn:cts:croala:crije02.croala292491.croala-lat2w:body.div1.div3.l12.w4,15978
estlocus4,Eoas,Rursus ad Eoas continuata domos .,LEMMA,LEMMA CITE URN,MORPH CITE URN,ANNOTATOR,urn:cts:croala:crije02.croala292491.croala-lat2w:body.div1.div3.l26.w3,16441
estlocus4,Eois,Et sese Eois petit integrare triumphis :,LEMMA,LEMMA CITE URN,MORPH CITE URN,ANNOTATOR,urn:cts:croala:crije02.croala292491.croala-lat2w:body.div1.div3.l31.w3,16601
estlocus1,Italiaeque,"Italiaeque tibi propioribus inuidet oris ,",LEMMA,LEMMA CITE URN,MORPH CITE URN,ANNOTATOR,urn:cts:croala:crije02.croala292491.croala-lat2w:body.div1.div3.l35.w1,16737
estlocus2,Adriaci,"Parua uel Adriaci deuouet ora freti ,",LEMMA,LEMMA CITE URN,MORPH CITE URN,ANNOTATOR,urn:cts:croala:crije02.croala292491.croala-lat2w:body.div1.div3.l36.w3,16773
estlocus1,Francia,Vt pedes oppositas Francia calcet aquas .,LEMMA,LEMMA CITE URN,MORPH CITE URN,ANNOTATOR,urn:cts:croala:crije02.croala292491.croala-lat2w:body.div1.div3.l40.w4,16913
estlocus3,Gallos,"Trans freta nanque simul Gallos spectare licebit ,",LEMMA,LEMMA CITE URN,MORPH CITE URN,ANNOTATOR,urn:cts:croala:crije02.croala292491.croala-lat2w:body.div1.div3.l41.w5,16949
estlocus2,Illyriae,"Illyriae tellus reparabitur , obruta surget",LEMMA,LEMMA CITE URN,MORPH CITE URN,ANNOTATOR,urn:cts:croala:crije02.croala292491.croala-lat2w:body.div1.div3.l47.w1,17153
estlocus1,Graecia,Et redimet uultus Graecia tota suos .,LEMMA,LEMMA CITE URN,MORPH CITE URN,ANNOTATOR,urn:cts:croala:crije02.croala292491.croala-lat2w:body.div1.div3.l48.w4,17193
estlocus1,Epidaurus,Nec mea pendendis Epidaurus moesta tributis,LEMMA,LEMMA CITE URN,MORPH CITE URN,ANNOTATOR,urn:cts:croala:crije02.croala292491.croala-lat2w:body.div1.div3.l49.w4,17225
estlocus2,Eoae,"Vrbis et Eoae lacerata potentia surget ,",LEMMA,LEMMA CITE URN,MORPH CITE URN,ANNOTATOR,urn:cts:croala:crije02.croala292491.croala-lat2w:body.div1.div3.l53.w3,17337
estlocus1,Asia,"Aequalesque dabunt Asia atque Europa triumphos ,",LEMMA,LEMMA CITE URN,MORPH CITE URN,ANNOTATOR,urn:cts:croala:crije02.croala292491.croala-lat2w:body.div1.div3.l57.w3,17457
estlocus1,Europa,"Aequalesque dabunt Asia atque Europa triumphos ,",LEMMA,LEMMA CITE URN,MORPH CITE URN,ANNOTATOR,urn:cts:croala:crije02.croala292491.croala-lat2w:body.div1.div3.l57.w5,17465
estlocus3,Assyriosque,"Assyriosque ultra tendes , Garabacthra , uel Indos ,",LEMMA,LEMMA CITE URN,MORPH CITE URN,ANNOTATOR,urn:cts:croala:crije02.croala292491.croala-lat2w:body.div1.div3.l65.w1,17697
estlocus3,Indos,"Assyriosque ultra tendes , Garabacthra , uel Indos ,",LEMMA,LEMMA CITE URN,MORPH CITE URN,ANNOTATOR,urn:cts:croala:crije02.croala292491.croala-lat2w:body.div1.div3.l65.w6,17725
estlocus1,Francia,"Per maria et terras Francia uecta suas ,",LEMMA,LEMMA CITE URN,MORPH CITE URN,ANNOTATOR,urn:cts:croala:crije02.croala292491.croala-lat2w:body.div1.div3.l72.w5,17948
estlocus1,Idume,"Victricemque piam palmis ornabit Idume ,",LEMMA,LEMMA CITE URN,MORPH CITE URN,ANNOTATOR,urn:cts:croala:crije02.croala292491.croala-lat2w:body.div1.div3.l73.w5,17984
estlocus1,Canopo,"Nec ueneranda fero regnabitur ora Canopo ,",LEMMA,LEMMA CITE URN,MORPH CITE URN,ANNOTATOR,urn:cts:croala:crije02.croala292491.croala-lat2w:body.div1.div3.l79.w6,18152
estlocus1,Francia,Francia ; coniurant terra polusque simul .,LEMMA,LEMMA CITE URN,MORPH CITE URN,ANNOTATOR,urn:cts:croala:crije02.croala292491.croala-lat2w:body.div1.div3.l8.w1,15822
estlocus1,Iordanis,"Iordanis , loto mystica lympha Deo .",LEMMA,LEMMA CITE URN,MORPH CITE URN,ANNOTATOR,urn:cts:croala:crije02.croala292491.croala-lat2w:body.div1.div3.l84.w1,18272
estlocus1,Euphrates,"Tigris et Euphrates sacrabitur , Indus , Hidaspes ,",LEMMA,LEMMA CITE URN,MORPH CITE URN,ANNOTATOR,urn:cts:croala:crije02.croala292491.croala-lat2w:body.div1.div3.l85.w3,18312
estlocus1,Indus,"Tigris et Euphrates sacrabitur , Indus , Hidaspes ,",LEMMA,LEMMA CITE URN,MORPH CITE URN,ANNOTATOR,urn:cts:croala:crije02.croala292491.croala-lat2w:body.div1.div3.l85.w5,18324
estlocus1,Hidaspes,"Tigris et Euphrates sacrabitur , Indus , Hidaspes ,",LEMMA,LEMMA CITE URN,MORPH CITE URN,ANNOTATOR,urn:cts:croala:crije02.croala292491.croala-lat2w:body.div1.div3.l85.w6,18332
estlocus1,Araxes,"Inque pios latices uerti exultabit Araxes ,",LEMMA,LEMMA CITE URN,MORPH CITE URN,ANNOTATOR,urn:cts:croala:crije02.croala292491.croala-lat2w:body.div1.div3.l87.w6,18392
estlocus3,Arabs,"Thrax , Scytha , Maurus , Arabs , concors ditione sub una ,",LEMMA,LEMMA CITE URN,MORPH CITE URN,ANNOTATOR,urn:cts:croala:crije02.croala292491.croala-lat2w:body.div1.div3.l99.w4,18861
estlocus2,Hetruscis,"Tybris et Hetruscis Ilia mater aquis ,",LEMMA,LEMMA CITE URN,MORPH CITE URN,ANNOTATOR,urn:cts:croala:crije02.croala292491.croala-lat2w:body.div1.div4.l16.w3,19498
estlocus2,Antenoreo,Siue Antenoreo genitrix Aquileia Timauo,LEMMA,LEMMA CITE URN,MORPH CITE URN,ANNOTATOR,urn:cts:croala:crije02.croala292491.croala-lat2w:body.div1.div4.l17.w2,19526
estlocus1,Aquileia,Siue Antenoreo genitrix Aquileia Timauo,LEMMA,LEMMA CITE URN,MORPH CITE URN,ANNOTATOR,urn:cts:croala:crije02.croala292491.croala-lat2w:body.div1.div4.l17.w4,19534
estlocus2,Ionio,Turpiter Ionio lintea mille mari .,LEMMA,LEMMA CITE URN,MORPH CITE URN,ANNOTATOR,urn:cts:croala:crije02.croala292491.croala-lat2w:body.div1.div4.l76.w2,21460
estlocus1,Florentiam,5 . Ad Florentiam postulantem leuam Sancti Ioannis,LEMMA,LEMMA CITE URN,MORPH CITE URN,ANNOTATOR,urn:cts:croala:crije02.croala292491.croala-lat2w:body.div1.div5.head.w3,21706
estlocus3,Aegypthusne,Aegypthusne canes et sua monstra daret ?,LEMMA,LEMMA CITE URN,MORPH CITE URN,ANNOTATOR,urn:cts:croala:crije02.croala292491.croala-lat2w:body.div1.div5.l46.w1,23289
estlocus1,Florentia,"Tu uero poscis , quam nos , Florentia , sacram",LEMMA,LEMMA CITE URN,MORPH CITE URN,ANNOTATOR,urn:cts:croala:crije02.croala292491.croala-lat2w:body.div1.div5.l47.w6,23349
estlocus1,Florentia,"Quam , rogo , quam leuam poscit Florentia ? Vel si",LEMMA,LEMMA CITE URN,MORPH CITE URN,ANNOTATOR,urn:cts:croala:crije02.croala292491.croala-lat2w:body.div1.div5.l5.w6,21906
estlocus2,Itala,Accedet nostris Itala terra malis .,LEMMA,LEMMA CITE URN,MORPH CITE URN,ANNOTATOR,urn:cts:croala:crije02.croala292491.croala-lat2w:body.div1.div5.l88.w3,24860
estlocus1,Ister,Sat coniuratus Tanais peccauit et Ister,LEMMA,LEMMA CITE URN,MORPH CITE URN,ANNOTATOR,urn:cts:croala:crije02.croala292491.croala-lat2w:body.div1.div5.l93.w6,25044
estlocus4,Bandala,"Bandala sat tulimus Sarranaque saecula , Romae",LEMMA,LEMMA CITE URN,MORPH CITE URN,ANNOTATOR,urn:cts:croala:crije02.croala292491.croala-lat2w:body.div1.div5.l95.w1,25080
estlocus4,Iudaea,Aut alios latices quam gens Iudaea propinat,LEMMA,LEMMA CITE URN,MORPH CITE URN,ANNOTATOR,urn:cts:croala:crije02.croala292491.croala-lat2w:body.div2.div2.l10.w6,38731
estlocus1,Iordanis,"Crimina , Iordanis refluo conuersa refluxit",LEMMA,LEMMA CITE URN,MORPH CITE URN,ANNOTATOR,urn:cts:croala:crije02.croala292491.croala-lat2w:body.div2.div2.l114.w2,42251
estlocus4,Iudaea,"Hunc , gentes , audite ! Tamen , Iudaea propago ,",LEMMA,LEMMA CITE URN,MORPH CITE URN,ANNOTATOR,urn:cts:croala:crije02.croala292491.croala-lat2w:body.div2.div2.l117.w5,42390
estlocus2,Erythraei,Rursus Erythraei diuisa per aequora ponti,LEMMA,LEMMA CITE URN,MORPH CITE URN,ANNOTATOR,urn:cts:croala:crije02.croala292491.croala-lat2w:body.div2.div2.l128.w2,42746
estlocus4,Hymetia,Et Siculum nectar praestant et Hymetia mella .,LEMMA,LEMMA CITE URN,MORPH CITE URN,ANNOTATOR,urn:cts:croala:crije02.croala292491.croala-lat2w:body.div2.div2.l16.w6,38934
estlocus4,Herebus,Aut Herebus uasta caligine teter opacet .,LEMMA,LEMMA CITE URN,MORPH CITE URN,ANNOTATOR,urn:cts:croala:crije02.croala292491.croala-lat2w:body.div2.div2.l167.w2,44185
estlocus4,Falerna,"Vina Falerna solent , circumfluit ubere pleno",LEMMA,LEMMA CITE URN,MORPH CITE URN,ANNOTATOR,urn:cts:croala:crije02.croala292491.croala-lat2w:body.div2.div2.l207.w2,45464
estlocus2,Cyrrhaeo,"Flumina , nec fragiles Cyrrhaeo e uertice laurus ,",LEMMA,LEMMA CITE URN,MORPH CITE URN,ANNOTATOR,urn:cts:croala:crije02.croala292491.croala-lat2w:body.div2.div2.l5.w4,38547
estlocus4,Iudaea,"Gens Iudaea ferox , immanior omnibus una",LEMMA,LEMMA CITE URN,MORPH CITE URN,ANNOTATOR,urn:cts:croala:crije02.croala292491.croala-lat2w:body.div2.div2.l60.w2,40451
estlocus1,Iordanis,"Teque Iordanis sacer irrigauit ,",LEMMA,LEMMA CITE URN,MORPH CITE URN,ANNOTATOR,urn:cts:croala:crije02.croala292491.croala-lat2w:body.div2.div3.l3.w2,51216
estlocus1,Acherontis,"Hostium uictrix , Acherontis horror ,",LEMMA,LEMMA CITE URN,MORPH CITE URN,ANNOTATOR,urn:cts:croala:crije02.croala292491.croala-lat2w:body.div2.div3.l57.w3,52398
estlocus4,Acheloia,"Num si Trinacrias , Acheloia monstra , uolucres",LEMMA,LEMMA CITE URN,MORPH CITE URN,ANNOTATOR,urn:cts:croala:crije02.croala292491.croala-lat2w:body.div2.div6.l104.w4,67645
estlocus4,Acheloia,"Quando aliter tetras , Acheloia monstra , uolucres",LEMMA,LEMMA CITE URN,MORPH CITE URN,ANNOTATOR,urn:cts:croala:crije02.croala292491.croala-lat2w:body.div2.div7.l14.w4,68826
estlocus2,Aethnaeis,"Effugis , Aethnaeis scopulis saxoque Sicano",LEMMA,LEMMA CITE URN,MORPH CITE URN,ANNOTATOR,urn:cts:croala:crije02.croala292491.croala-lat2w:body.div2.div7.l18.w2,68946
estlocus4,Hyblaeisque,"Dulcior Hyblaeisque fauis fluat , illa dolores",LEMMA,LEMMA CITE URN,MORPH CITE URN,ANNOTATOR,urn:cts:croala:crije02.croala292491.croala-lat2w:body.div2.div7.l65.w2,70468
estlocus2,Idalii,"Idalii nec si detur noua copia luci ,",LEMMA,LEMMA CITE URN,MORPH CITE URN,ANNOTATOR,urn:cts:croala:crije02.croala292491.croala-lat2w:body.div3.div1.l105.w1,75932
estlocus1,Ancon,Hinc tibi nec priscis ingloria laudibus Ancon,LEMMA,LEMMA CITE URN,MORPH CITE URN,ANNOTATOR,urn:cts:croala:crije02.croala292491.croala-lat2w:body.div3.div1.l109.w7,76084
estlocus1,Appeninus,"Transmittitque tuos glaciem Appeninus in usus ,",LEMMA,LEMMA CITE URN,MORPH CITE URN,ANNOTATOR,urn:cts:croala:crije02.croala292491.croala-lat2w:body.div3.div1.l113.w4,76192
estlocus1,Adria,Lasciuire suis Adria gaudet aquis .,LEMMA,LEMMA CITE URN,MORPH CITE URN,ANNOTATOR,urn:cts:croala:crije02.croala292491.croala-lat2w:body.div3.div1.l116.w3,76292
estlocus4,Boreas,"Haec loca foecundat Boreas , sed collis et Auster",LEMMA,LEMMA CITE URN,MORPH CITE URN,ANNOTATOR,urn:cts:croala:crije02.croala292491.croala-lat2w:body.div3.div1.l33.w4,73677
estlocus4,Auster,"Haec loca foecundat Boreas , sed collis et Auster",LEMMA,LEMMA CITE URN,MORPH CITE URN,ANNOTATOR,urn:cts:croala:crije02.croala292491.croala-lat2w:body.div3.div1.l33.w8,73697
estlocus1,Auerna,"Noxia pestiferum uirus Auerna uomunt ,",LEMMA,LEMMA CITE URN,MORPH CITE URN,ANNOTATOR,urn:cts:croala:crije02.croala292491.croala-lat2w:body.div3.div1.l52.w4,74314
estlocus1,Europam,"Europam atque Asiam iactitet ille licet ,",LEMMA,LEMMA CITE URN,MORPH CITE URN,ANNOTATOR,urn:cts:croala:crije02.croala292491.croala-lat2w:body.div3.div10.l18.w1,89065
estlocus1,Asiam,"Europam atque Asiam iactitet ille licet ,",LEMMA,LEMMA CITE URN,MORPH CITE URN,ANNOTATOR,urn:cts:croala:crije02.croala292491.croala-lat2w:body.div3.div10.l18.w3,89073
estlocus1,Germania,"Nam , uelut inuictis tribuit Germania Drusis ,",LEMMA,LEMMA CITE URN,MORPH CITE URN,ANNOTATOR,urn:cts:croala:crije02.croala292491.croala-lat2w:body.div3.div10.l5.w5,88630
estlocus2,Dacica,"Victori aut nomen Dacica terra suo ,",LEMMA,LEMMA CITE URN,MORPH CITE URN,ANNOTATOR,urn:cts:croala:crije02.croala292491.croala-lat2w:body.div3.div10.l6.w4,88658
estlocus3,Affrica,"Aut sua Scipiadae dedit Affrica , Creta Metello ,",LEMMA,LEMMA CITE URN,MORPH CITE URN,ANNOTATOR,urn:cts:croala:crije02.croala292491.croala-lat2w:body.div3.div10.l7.w5,88694
estlocus1,Creta,"Aut sua Scipiadae dedit Affrica , Creta Metello ,",LEMMA,LEMMA CITE URN,MORPH CITE URN,ANNOTATOR,urn:cts:croala:crije02.croala292491.croala-lat2w:body.div3.div10.l7.w6,88702
estlocus2,Haesperia,"Siue haec Haesperia est , siue Arctica stella uicissim ,",LEMMA,LEMMA CITE URN,MORPH CITE URN,ANNOTATOR,urn:cts:croala:crije02.croala292491.croala-lat2w:body.div3.div11.l27.w3,90106
estlocus2,Arctica,"Siue haec Haesperia est , siue Arctica stella uicissim ,",LEMMA,LEMMA CITE URN,MORPH CITE URN,ANNOTATOR,urn:cts:croala:crije02.croala292491.croala-lat2w:body.div3.div11.l27.w6,90122
estlocus4,Dictaeum,"Qualia Dictaeum malit habere genus ,",LEMMA,LEMMA CITE URN,MORPH CITE URN,ANNOTATOR,urn:cts:croala:crije02.croala292491.croala-lat2w:body.div3.div11.l32.w2,90286
estlocus2,Dionaeo,"Atque Dionaeo multum praefulgurat astro ,",LEMMA,LEMMA CITE URN,MORPH CITE URN,ANNOTATOR,urn:cts:croala:crije02.croala292491.croala-lat2w:body.div3.div11.l33.w2,90314
estlocus4,Berenicaea,Et Berenicaea clarior illa coma est .,LEMMA,LEMMA CITE URN,MORPH CITE URN,ANNOTATOR,urn:cts:croala:crije02.croala292491.croala-lat2w:body.div3.div11.l34.w2,90342
estlocus1,Ferraria,"Praecipue intonsos uellit Ferraria crines ,",LEMMA,LEMMA CITE URN,MORPH CITE URN,ANNOTATOR,urn:cts:croala:crije02.croala292491.croala-lat2w:body.div3.div11.l5.w4,89395
estlocus1,Arctos,Hesperus atque Arctos hanc meruere ducem .,LEMMA,LEMMA CITE URN,MORPH CITE URN,ANNOTATOR,urn:cts:croala:crije02.croala292491.croala-lat2w:body.div3.div12.l4.w3,90627
estlocus2,Arctoae,"Nam primum Arctoae censetur origine stellae ,",LEMMA,LEMMA CITE URN,MORPH CITE URN,ANNOTATOR,urn:cts:croala:crije02.croala292491.croala-lat2w:body.div3.div12.l5.w3,90659
estlocus4,Hesperii,Sed mox Hesperii sanguinis illa fuit .,LEMMA,LEMMA CITE URN,MORPH CITE URN,ANNOTATOR,urn:cts:croala:crije02.croala292491.croala-lat2w:body.div3.div12.l6.w3,90691
estlocus4,Ausoniis,Temperat Ausoniis Martia castra modis .,LEMMA,LEMMA CITE URN,MORPH CITE URN,ANNOTATOR,urn:cts:croala:crije02.croala292491.croala-lat2w:body.div3.div15.l16.w2,92520
estlocus4,Illyrico,"Non hic Illyrico , uerum sermone Latino",LEMMA,LEMMA CITE URN,MORPH CITE URN,ANNOTATOR,urn:cts:croala:crije02.croala292491.croala-lat2w:body.div3.div15.l35.w3,93111
estlocus3,Aethiopes,Aethiopes nigro tales perhibentur in aestu,LEMMA,LEMMA CITE URN,MORPH CITE URN,ANNOTATOR,urn:cts:croala:crije02.croala292491.croala-lat2w:body.div3.div16.l27.w1,94331
estlocus4,Corcyraei,Aut Corcyraei regia mensa ducis .,LEMMA,LEMMA CITE URN,MORPH CITE URN,ANNOTATOR,urn:cts:croala:crije02.croala292491.croala-lat2w:body.div3.div16.l32.w2,94487
estlocus2,Ausonios,"Rursus et Ausonios pulsant proscenia colles ,",LEMMA,LEMMA CITE URN,MORPH CITE URN,ANNOTATOR,urn:cts:croala:crije02.croala292491.croala-lat2w:body.div3.div17.l15.w3,95060
estlocus4,Cynosura,"Quas Cynosura rates , quas Parrhasis Vrsa gubernat ,",LEMMA,LEMMA CITE URN,MORPH CITE URN,ANNOTATOR,urn:cts:croala:crije02.croala292491.croala-lat2w:body.div3.div18.l1.w2,95613
estlocus1,Canopus,"Sunt quorum extremus uela Canopus agit ,",LEMMA,LEMMA CITE URN,MORPH CITE URN,ANNOTATOR,urn:cts:croala:crije02.croala292491.croala-lat2w:body.div3.div18.l2.w5,95665
estlocus4,Helice,"Tu mihi tu , Princeps , Helice , Cynosura , Canopus ,",LEMMA,LEMMA CITE URN,MORPH CITE URN,ANNOTATOR,urn:cts:croala:crije02.croala292491.croala-lat2w:body.div3.div18.l7.w5,95841
estlocus4,Cynosura,"Tu mihi tu , Princeps , Helice , Cynosura , Canopus ,",LEMMA,LEMMA CITE URN,MORPH CITE URN,ANNOTATOR,urn:cts:croala:crije02.croala292491.croala-lat2w:body.div3.div18.l7.w6,95849
estlocus4,Canopus,"Tu mihi tu , Princeps , Helice , Cynosura , Canopus ,",LEMMA,LEMMA CITE URN,MORPH CITE URN,ANNOTATOR,urn:cts:croala:crije02.croala292491.croala-lat2w:body.div3.div18.l7.w7,95857
estlocus1,Caucasus,"Parce tamen , parce , o , si te non Caucasus horrens",LEMMA,LEMMA CITE URN,MORPH CITE URN,ANNOTATOR,urn:cts:croala:crije02.croala292491.croala-lat2w:body.div3.div2.l17.w8,76889
estlocus2,Centauri,"Nec fera Centauri aut Lestrigonis educat aula ,",LEMMA,LEMMA CITE URN,MORPH CITE URN,ANNOTATOR,urn:cts:croala:crije02.croala292491.croala-lat2w:body.div3.div2.l19.w3,76941
estlocus4,Boreas,"Hinc , uelut Aeolio Boreas animosus ab antro ,",LEMMA,LEMMA CITE URN,MORPH CITE URN,ANNOTATOR,urn:cts:croala:crije02.croala292491.croala-lat2w:body.div3.div2.l31.w4,77336
estlocus4,Caribdis,"Nec te , Sylla ferox , nec te uitasse , Caribdis ,",LEMMA,LEMMA CITE URN,MORPH CITE URN,ANNOTATOR,urn:cts:croala:crije02.croala292491.croala-lat2w:body.div3.div21.l17.w8,99703
estlocus4,Caribdis,"Profuit : interius Sylla , Caribdis eras !",LEMMA,LEMMA CITE URN,MORPH CITE URN,ANNOTATOR,urn:cts:croala:crije02.croala292491.croala-lat2w:body.div3.div21.l18.w4,99735
estlocus2,Cyaneas,Ah ego Cyaneas mallem rupesque Malaeae,LEMMA,LEMMA CITE URN,MORPH CITE URN,ANNOTATOR,urn:cts:croala:crije02.croala292491.croala-lat2w:body.div3.div21.l23.w3,99886
estlocus4,Aegeas,Ergo uel Aegeas hyemes et saxa Capharei,LEMMA,LEMMA CITE URN,MORPH CITE URN,ANNOTATOR,urn:cts:croala:crije02.croala292491.croala-lat2w:body.div3.div21.l3.w3,99223
estlocus2,Capharei,Ergo uel Aegeas hyemes et saxa Capharei,LEMMA,LEMMA CITE URN,MORPH CITE URN,ANNOTATOR,urn:cts:croala:crije02.croala292491.croala-lat2w:body.div3.div21.l3.w7,99239
estlocus1,Ceraunia,"Quod neque praeruptis sunt ausa Ceraunia saxis ,",LEMMA,LEMMA CITE URN,MORPH CITE URN,ANNOTATOR,urn:cts:croala:crije02.croala292491.croala-lat2w:body.div3.div21.l7.w6,99355
estlocus1,Auentini,Furis Auentini specus et Scyronia rupes,LEMMA,LEMMA CITE URN,MORPH CITE URN,ANNOTATOR,urn:cts:croala:crije02.croala292491.croala-lat2w:body.div3.div21.l75.w2,101576
estlocus1,Adria,"Quod neque spumosis Adria fecit aquis ,",LEMMA,LEMMA CITE URN,MORPH CITE URN,ANNOTATOR,urn:cts:croala:crije02.croala292491.croala-lat2w:body.div3.div21.l8.w4,99383
estlocus4,Hyperborei,Gryphis Hyperborei praepes ad astra uolat .,LEMMA,LEMMA CITE URN,MORPH CITE URN,ANNOTATOR,urn:cts:croala:crije02.croala292491.croala-lat2w:body.div3.div26.l6.w2,103603
estlocus1,Indus,Cum niger Indus ebur preciosaque uellera Seres,LEMMA,LEMMA CITE URN,MORPH CITE URN,ANNOTATOR,urn:cts:croala:crije02.croala292491.croala-lat2w:body.div3.div27.l23.w3,104488
estlocus1,Erythra,Et dabit huic gemmas diues Erythra suas .,LEMMA,LEMMA CITE URN,MORPH CITE URN,ANNOTATOR,urn:cts:croala:crije02.croala292491.croala-lat2w:body.div3.div27.l24.w6,104532
estlocus1,Germania,"Non tamen ereptis moeret Germania uittis ,",LEMMA,LEMMA CITE URN,MORPH CITE URN,ANNOTATOR,urn:cts:croala:crije02.croala292491.croala-lat2w:body.div3.div27.l5.w5,103917
estlocus1,Gallia,"Gallia nec cristis aestuat orba suis ,",LEMMA,LEMMA CITE URN,MORPH CITE URN,ANNOTATOR,urn:cts:croala:crije02.croala292491.croala-lat2w:body.div3.div27.l6.w1,103933
estlocus4,Ausoniae,"I tamen , Ausoniae gentis decus , obuia quamuis",LEMMA,LEMMA CITE URN,MORPH CITE URN,ANNOTATOR,urn:cts:croala:crije02.croala292491.croala-lat2w:body.div3.div3.l15.w3,78521
estlocus1,Auentinum,"Praestat Auentinum furem et Busyridis aras ,",LEMMA,LEMMA CITE URN,MORPH CITE URN,ANNOTATOR,urn:cts:croala:crije02.croala292491.croala-lat2w:body.div3.div3.l41.w2,79388
estlocus4,Ismarii,"Ismarii stabulum praestat adire ducis ,",LEMMA,LEMMA CITE URN,MORPH CITE URN,ANNOTATOR,urn:cts:croala:crije02.croala292491.croala-lat2w:body.div3.div3.l42.w1,79416
estlocus4,Caucaseasque,"Caucaseasque niues et inhospita saxa Promethei ,",LEMMA,LEMMA CITE URN,MORPH CITE URN,ANNOTATOR,urn:cts:croala:crije02.croala292491.croala-lat2w:body.div3.div3.l45.w1,79508
estlocus3,Gargani,"Quam iuga Gargani , aut Veseui incendia montis",LEMMA,LEMMA CITE URN,MORPH CITE URN,ANNOTATOR,urn:cts:croala:crije02.croala292491.croala-lat2w:body.div3.div3.l47.w3,79576
estlocus1,Italiam,Captiuam famulis gentibus Italiam .,LEMMA,LEMMA CITE URN,MORPH CITE URN,ANNOTATOR,urn:cts:croala:crije02.croala292491.croala-lat2w:body.div3.div3.l56.w4,79863
estlocus2,Illyris,Pendeat ad laudes Illyris ora tuas :,LEMMA,LEMMA CITE URN,MORPH CITE URN,ANNOTATOR,urn:cts:croala:crije02.croala292491.croala-lat2w:body.div3.div4.l18.w4,80440
estlocus2,Illyris,"Agnoscit uultus Illyris ora tuos ,",LEMMA,LEMMA CITE URN,MORPH CITE URN,ANNOTATOR,urn:cts:croala:crije02.croala292491.croala-lat2w:body.div3.div8.l2.w3,86109
estlocus1,Epidaurus,"Si te patritiis Epidaurus honorat alumnis ,",LEMMA,LEMMA CITE URN,MORPH CITE URN,ANNOTATOR,urn:cts:croala:crije02.croala292491.croala-lat2w:body.div3.div8.l21.w4,86777
estlocus1,Indus,Quem niger extrema nouerit Indus aqua ?,LEMMA,LEMMA CITE URN,MORPH CITE URN,ANNOTATOR,urn:cts:croala:crije02.croala292491.croala-lat2w:body.div3.div8.l22.w5,86813
estlocus4,Babylonius,Lucrinus puer et piscis Babylonius et qui,LEMMA,LEMMA CITE URN,MORPH CITE URN,ANNOTATOR,urn:cts:croala:crije02.croala292491.croala-lat2w:body.div3.div9.l1.w5,87190
estlocus4,Hypponis,"Hypponis puero terga premenda dedit ,",LEMMA,LEMMA CITE URN,MORPH CITE URN,ANNOTATOR,urn:cts:croala:crije02.croala292491.croala-lat2w:body.div3.div9.l2.w1,87206
estlocus4,Ausonia,"Necnon Ausonia procacitate ,",LEMMA,LEMMA CITE URN,MORPH CITE URN,ANNOTATOR,urn:cts:croala:crije02.croala292491.croala-lat2w:body.div4.div1.l43.w2,109579
estlocus1,Acheronta,Fictum Acheronta putas ? Furiarum uerbera rides ?,LEMMA,LEMMA CITE URN,MORPH CITE URN,ANNOTATOR,urn:cts:croala:crije02.croala292491.croala-lat2w:body.div4.div10.l11.w2,127031
estlocus1,Danubio,Danubio aut Nilo non uilior Ombla fuisset,LEMMA,LEMMA CITE URN,MORPH CITE URN,ANNOTATOR,urn:cts:croala:crije02.croala292491.croala-lat2w:body.div4.div11.l35.w1,130593
estlocus1,Capreas,"Nec Capreas molles , Baiarum aut stagna requirat",LEMMA,LEMMA CITE URN,MORPH CITE URN,ANNOTATOR,urn:cts:croala:crije02.croala292491.croala-lat2w:body.div4.div11.l47.w2,130993
estlocus2,Baiarum,"Nec Capreas molles , Baiarum aut stagna requirat",LEMMA,LEMMA CITE URN,MORPH CITE URN,ANNOTATOR,urn:cts:croala:crije02.croala292491.croala-lat2w:body.div4.div11.l47.w4,131005
estlocus2,Corcyraeum,"Aut Corcyraeum malit habere nemus ,",LEMMA,LEMMA CITE URN,MORPH CITE URN,ANNOTATOR,urn:cts:croala:crije02.croala292491.croala-lat2w:body.div4.div11.l48.w2,131029
estlocus3,Hesperidumue,Hesperidumue hortos desideret altaque Tempe,LEMMA,LEMMA CITE URN,MORPH CITE URN,ANNOTATOR,urn:cts:croala:crije02.croala292491.croala-lat2w:body.div4.div11.l49.w1,131053
estlocus4,Caucaseae,"Caucaseae possent quocum rubuisse pruinae ,",LEMMA,LEMMA CITE URN,MORPH CITE URN,ANNOTATOR,urn:cts:croala:crije02.croala292491.croala-lat2w:body.div4.div11.l55.w1,131240
estlocus1,Adria,"Nanque reluctetur licet obuius Adria , mollem",LEMMA,LEMMA CITE URN,MORPH CITE URN,ANNOTATOR,urn:cts:croala:crije02.croala292491.croala-lat2w:body.div4.div11.l7.w5,129714
estlocus2,Gangetica,Ipsa tuas uires Gangetica terra fatetur,LEMMA,LEMMA CITE URN,MORPH CITE URN,ANNOTATOR,urn:cts:croala:crije02.croala292491.croala-lat2w:body.div4.div12.l39.w4,132636
estlocus1,India,Nigraque Bassaricis India uicta choris .,LEMMA,LEMMA CITE URN,MORPH CITE URN,ANNOTATOR,urn:cts:croala:crije02.croala292491.croala-lat2w:body.div4.div12.l40.w3,132660
estlocus3,Gethis,"Bella nec humanis saeua gerenda Gethis ,",LEMMA,LEMMA CITE URN,MORPH CITE URN,ANNOTATOR,urn:cts:croala:crije02.croala292491.croala-lat2w:body.div4.div12.l54.w6,133072
estlocus4,Hyblaea,Hyblaea quod arundine,LEMMA,LEMMA CITE URN,MORPH CITE URN,ANNOTATOR,urn:cts:croala:crije02.croala292491.croala-lat2w:body.div4.div15.l11.w1,134592
estlocus4,Hymetii,Fauos mellis Hymetii,LEMMA,LEMMA CITE URN,MORPH CITE URN,ANNOTATOR,urn:cts:croala:crije02.croala292491.croala-lat2w:body.div4.div15.l3.w3,134468
estlocus2,Erythraeas,Alter Erythraeas pergat mercator ad undas,LEMMA,LEMMA CITE URN,MORPH CITE URN,ANNOTATOR,urn:cts:croala:crije02.croala292491.croala-lat2w:body.div4.div16.l1.w2,134737
estlocus3,Aethiopas,Persequar exustos decolor Aethiopas ?,LEMMA,LEMMA CITE URN,MORPH CITE URN,ANNOTATOR,urn:cts:croala:crije02.croala292491.croala-lat2w:body.div4.div16.l22.w4,135408
estlocus3,Britannos,Alter et extremo scrutetur in orbe Britannos,LEMMA,LEMMA CITE URN,MORPH CITE URN,ANNOTATOR,urn:cts:croala:crije02.croala292491.croala-lat2w:body.div4.div16.l3.w7,134813
estlocus1,Antiliam,Vlteriusque feram nauiget Antiliam .,LEMMA,LEMMA CITE URN,MORPH CITE URN,ANNOTATOR,urn:cts:croala:crije02.croala292491.croala-lat2w:body.div4.div16.l4.w4,134833
estlocus4,Eoas,Non mihi nunc curae est Eoas uisere gentes,LEMMA,LEMMA CITE URN,MORPH CITE URN,ANNOTATOR,urn:cts:croala:crije02.croala292491.croala-lat2w:body.div4.div16.l5.w6,134865
estlocus4,Auerna,"Nulla , nec infandae pestis Auerna times ,",LEMMA,LEMMA CITE URN,MORPH CITE URN,ANNOTATOR,urn:cts:croala:crije02.croala292491.croala-lat2w:body.div4.div19.l34.w5,140185
estlocus2,Eoi,"Hinc uocat Eoi concha uenusta maris ,",LEMMA,LEMMA CITE URN,MORPH CITE URN,ANNOTATOR,urn:cts:croala:crije02.croala292491.croala-lat2w:body.div4.div19.l68.w3,141381
estlocus1,Illyrici,"Rhacusam , Illyrici decus , canisque",LEMMA,LEMMA CITE URN,MORPH CITE URN,ANNOTATOR,urn:cts:croala:crije02.croala292491.croala-lat2w:body.div4.div20.l10.w2,143218
estlocus2,Cyclopea,Et Cyclopea saxa ductibusque,LEMMA,LEMMA CITE URN,MORPH CITE URN,ANNOTATOR,urn:cts:croala:crije02.croala292491.croala-lat2w:body.div4.div20.l12.w2,143266
estlocus1,Baias,Credas nec ueteres fuisse Baias .,LEMMA,LEMMA CITE URN,MORPH CITE URN,ANNOTATOR,urn:cts:croala:crije02.croala292491.croala-lat2w:body.div4.div20.l20.w5,143466
estlocus4,Barculumque,Infestum mare Barculumque Teucamque,LEMMA,LEMMA CITE URN,MORPH CITE URN,ANNOTATOR,urn:cts:croala:crije02.croala292491.croala-lat2w:body.div4.div20.l34.w3,143801
estlocus2,Dardanosque,Incunabula Dardanosque montes,LEMMA,LEMMA CITE URN,MORPH CITE URN,ANNOTATOR,urn:cts:croala:crije02.croala292491.croala-lat2w:body.div4.div20.l41.w2,143957
estlocus1,Illyriam,"Omnemque Illyriam libens honestas ,",LEMMA,LEMMA CITE URN,MORPH CITE URN,ANNOTATOR,urn:cts:croala:crije02.croala292491.croala-lat2w:body.div4.div20.l45.w2,144041
estlocus1,Illyriae,Vastos Illyriae colonus asper,LEMMA,LEMMA CITE URN,MORPH CITE URN,ANNOTATOR,urn:cts:croala:crije02.croala292491.croala-lat2w:body.div4.div22.l23.w2,145168
estlocus4,Indico,"Indico Genium meumque fraudo ,",LEMMA,LEMMA CITE URN,MORPH CITE URN,ANNOTATOR,urn:cts:croala:crije02.croala292491.croala-lat2w:body.div4.div22.l36.w1,145484
estlocus4,Caribdis,"Importunus hydrops , uorax Caribdis .",LEMMA,LEMMA CITE URN,MORPH CITE URN,ANNOTATOR,urn:cts:croala:crije02.croala292491.croala-lat2w:body.div4.div22.l64.w4,146179
estlocus4,Coccyti,"Coccyti soboles , soror Megerae ,",LEMMA,LEMMA CITE URN,MORPH CITE URN,ANNOTATOR,urn:cts:croala:crije02.croala292491.croala-lat2w:body.div4.div23.l13.w1,146562
estlocus1,Indus,"Amphrysum prope nascitur , quod Indus",LEMMA,LEMMA CITE URN,MORPH CITE URN,ANNOTATOR,urn:cts:croala:crije02.croala292491.croala-lat2w:body.div4.div23.l41.w5,147305
estlocus1,Cyrenis,"Ergo quod Lybicis uiret Cyrenis ,",LEMMA,LEMMA CITE URN,MORPH CITE URN,ANNOTATOR,urn:cts:croala:crije02.croala292491.croala-lat2w:body.div4.div23.l47.w5,147460
estlocus1,Athlas,"Athlas caelifer , experire et offam",LEMMA,LEMMA CITE URN,MORPH CITE URN,ANNOTATOR,urn:cts:croala:crije02.croala292491.croala-lat2w:body.div4.div23.l49.w1,147496
estlocus4,Idalius,Taela quot Idalius prompsit acerba puer .,LEMMA,LEMMA CITE URN,MORPH CITE URN,ANNOTATOR,urn:cts:croala:crije02.croala292491.croala-lat2w:body.div4.div3.l20.w3,112033
estlocus2,Chaonii,Chaonii nemoris praecinat augur auis .,LEMMA,LEMMA CITE URN,MORPH CITE URN,ANNOTATOR,urn:cts:croala:crije02.croala292491.croala-lat2w:body.div4.div3.l52.w1,113123
estlocus4,Ituraeas,Nec tot Ituraeas armare uenena sagittas,LEMMA,LEMMA CITE URN,MORPH CITE URN,ANNOTATOR,urn:cts:croala:crije02.croala292491.croala-lat2w:body.div4.div3.l57.w3,113315
estlocus1,Asiae,"Aut Asiae molles uincere diuitiae ,",LEMMA,LEMMA CITE URN,MORPH CITE URN,ANNOTATOR,urn:cts:croala:crije02.croala292491.croala-lat2w:body.div4.div3.l74.w2,113858
estlocus4,Assyrii,"Vrror ut Assyrii templis urruntur odores ,",LEMMA,LEMMA CITE URN,MORPH CITE URN,ANNOTATOR,urn:cts:croala:crije02.croala292491.croala-lat2w:body.div4.div4.l63.w3,116868
estlocus4,Caucaseas,"Non ego Caucaseas uerear calcare pruinas ,",LEMMA,LEMMA CITE URN,MORPH CITE URN,ANNOTATOR,urn:cts:croala:crije02.croala292491.croala-lat2w:body.div4.div4.l83.w3,117579
estlocus2,Ionii,"Et maris Ionii saeuiat ira minax ,",LEMMA,LEMMA CITE URN,MORPH CITE URN,ANNOTATOR,urn:cts:croala:crije02.croala292491.croala-lat2w:body.div4.div4.l92.w3,117879
estlocus4,Hyrcanas,Fecit et Hyrcanas succubuisse feras .,LEMMA,LEMMA CITE URN,MORPH CITE URN,ANNOTATOR,urn:cts:croala:crije02.croala292491.croala-lat2w:body.div4.div5.l54.w3,120039
estlocus1,Erythra,"Mutarim , aut opibus , diues Erythra , tuis .",LEMMA,LEMMA CITE URN,MORPH CITE URN,ANNOTATOR,urn:cts:croala:crije02.croala292491.croala-lat2w:body.div4.div6.l16.w5,120968
estlocus2,Delphica,Delphica quam laudes templa mouere meas .,LEMMA,LEMMA CITE URN,MORPH CITE URN,ANNOTATOR,urn:cts:croala:crije02.croala292491.croala-lat2w:body.div4.div6.l60.w1,122454
estlocus2,Cytheriacis,"Trita Cytheriacis concha refulget aquis ,",LEMMA,LEMMA CITE URN,MORPH CITE URN,ANNOTATOR,urn:cts:croala:crije02.croala292491.croala-lat2w:body.div4.div7.l10.w2,122853
estlocus4,Colchiacis,"Nec tibi Colchiacis facies iuuenescet ahenis ,",LEMMA,LEMMA CITE URN,MORPH CITE URN,ANNOTATOR,urn:cts:croala:crije02.croala292491.croala-lat2w:body.div4.div8.l25.w3,124509
estlocus2,Flamminiae,Flamminiae et nostri documentum ostendet amoris,LEMMA,LEMMA CITE URN,MORPH CITE URN,ANNOTATOR,urn:cts:croala:crije02.croala292491.croala-lat2w:body.div5.div1.l151.w1,155232
estlocus3,Aethiopum,"Aethiopum conuiua Iouis , seu lumine fesso",LEMMA,LEMMA CITE URN,MORPH CITE URN,ANNOTATOR,urn:cts:croala:crije02.croala292491.croala-lat2w:body.div5.div1.l47.w1,151848
estlocus1,Ausoniae,Scilicet Ausoniae laudantem numina laurus,LEMMA,LEMMA CITE URN,MORPH CITE URN,ANNOTATOR,urn:cts:croala:crije02.croala292491.croala-lat2w:body.div5.div1.l73.w2,152675
estlocus2,Caledoniosque,"Componit Gallosque Caledoniosque Britannos ,",LEMMA,LEMMA CITE URN,MORPH CITE URN,ANNOTATOR,urn:cts:croala:crije02.croala292491.croala-lat2w:body.div5.div2.l111.w3,159173
estlocus1,Istri,"Arctoasque manus , ripasque binominis Istri",LEMMA,LEMMA CITE URN,MORPH CITE URN,ANNOTATOR,urn:cts:croala:crije02.croala292491.croala-lat2w:body.div5.div2.l114.w5,159265
estlocus4,Italisque,Munit ouans Italisque auertit ab arcibus hostem .,LEMMA,LEMMA CITE URN,MORPH CITE URN,ANNOTATOR,urn:cts:croala:crije02.croala292491.croala-lat2w:body.div5.div2.l115.w3,159281
estlocus1,Canopum,Infidamque Pharum detestatamque Canopum,LEMMA,LEMMA CITE URN,MORPH CITE URN,ANNOTATOR,urn:cts:croala:crije02.croala292491.croala-lat2w:body.div5.div2.l121.w4,159497
estlocus3,Aethiopum,"2 , 44 - 45 Assimulant . . . resoluunt in margine : Humanas si quando dapes terrasque reuisunt / Aethiopum mediaque pares epulantur harena",LEMMA,LEMMA CITE URN,MORPH CITE URN,ANNOTATOR,urn:cts:croala:crije02.croala292491.croala-lat2w:body.div5.div2.l45.note.w12,156957
estlocus2,Itala,Nec tantum uestris ditionibus Itala iurant,LEMMA,LEMMA CITE URN,MORPH CITE URN,ANNOTATOR,urn:cts:croala:crije02.croala292491.croala-lat2w:body.div5.div2.l56.w5,157345
estlocus1,Alpes,"Nec modo trans Alpes Pirenaeumque cucurrit ,",LEMMA,LEMMA CITE URN,MORPH CITE URN,ANNOTATOR,urn:cts:croala:crije02.croala292491.croala-lat2w:body.div5.div2.l59.w4,157433
estlocus3,Herculeas,Sed longe Herculeas audet transcendere metas,LEMMA,LEMMA CITE URN,MORPH CITE URN,ANNOTATOR,urn:cts:croala:crije02.croala292491.croala-lat2w:body.div5.div2.l60.w3,157461
estlocus1,Arctonque,"Vester honos , ultra Boreanque Arctonque rigentem",LEMMA,LEMMA CITE URN,MORPH CITE URN,ANNOTATOR,urn:cts:croala:crije02.croala292491.croala-lat2w:body.div5.div2.l61.w5,157501
estlocus4,Hiberne,Hiberne,LEMMA,LEMMA CITE URN,MORPH CITE URN,ANNOTATOR,urn:cts:croala:crije02.croala292491.croala-lat2w:body.div5.div2.l63.corr.w,157573
estlocus1,Britannia,Orchades atque alio porrecta Britannia mundo,LEMMA,LEMMA CITE URN,MORPH CITE URN,ANNOTATOR,urn:cts:croala:crije02.croala292491.croala-lat2w:body.div5.div2.l65.w5,157630
estlocus1,Antiliaeque,"Antiliaeque , fero genus intractabile ritu ,",LEMMA,LEMMA CITE URN,MORPH CITE URN,ANNOTATOR,urn:cts:croala:crije02.croala292491.croala-lat2w:body.div5.div2.l66.w1,157642
estlocus4,Hibera,"Classis Hibera domat latisque Hispania terris ,",LEMMA,LEMMA CITE URN,MORPH CITE URN,ANNOTATOR,urn:cts:croala:crije02.croala292491.croala-lat2w:body.div5.div2.l71.w2,157790
estlocus1,Hispania,"Classis Hibera domat latisque Hispania terris ,",LEMMA,LEMMA CITE URN,MORPH CITE URN,ANNOTATOR,urn:cts:croala:crije02.croala292491.croala-lat2w:body.div5.div2.l71.w5,157802
estlocus1,Ister,"Moenia pellitae gentes , quas Rhenus et Ister",LEMMA,LEMMA CITE URN,MORPH CITE URN,ANNOTATOR,urn:cts:croala:crije02.croala292491.croala-lat2w:body.div5.div2.l96.w7,158636
estlocus1,Hispania,"Hinc mulis aduecta suis Hispania , uerbis",LEMMA,LEMMA CITE URN,MORPH CITE URN,ANNOTATOR,urn:cts:croala:crije02.croala292491.croala-lat2w:body.div5.div2.l99.w5,158724
estlocus4,Antipodasque,Signifer Antipodasque ima statione coaegit,LEMMA,LEMMA CITE URN,MORPH CITE URN,ANNOTATOR,urn:cts:croala:crije02.croala292491.croala-lat2w:body.div5.div4.l100.w2,166676
estlocus4,Babylonia,"Stellarum subitas Babylonia cura catheruas ,",LEMMA,LEMMA CITE URN,MORPH CITE URN,ANNOTATOR,urn:cts:croala:crije02.croala292491.croala-lat2w:body.div5.div4.l104.w3,166784
estlocus1,Athlas,Opstupuitque humero grauiori caelifer Athlas .,LEMMA,LEMMA CITE URN,MORPH CITE URN,ANNOTATOR,urn:cts:croala:crije02.croala292491.croala-lat2w:body.div5.div4.l106.w5,166848
estlocus4,Herimanthaeus,Teque Herimanthaeus torua cum matre Bootes,LEMMA,LEMMA CITE URN,MORPH CITE URN,ANNOTATOR,urn:cts:croala:crije02.croala292491.croala-lat2w:body.div5.div4.l119.w2,167247
estlocus4,Bootes,Teque Herimanthaeus torua cum matre Bootes,LEMMA,LEMMA CITE URN,MORPH CITE URN,ANNOTATOR,urn:cts:croala:crije02.croala292491.croala-lat2w:body.div5.div4.l119.w6,167263
estlocus4,Dictaeae,Pulcraque Dictaeae stupuerunt astra puellae .,LEMMA,LEMMA CITE URN,MORPH CITE URN,ANNOTATOR,urn:cts:croala:crije02.croala292491.croala-lat2w:body.div5.div4.l120.w2,167275
estlocus1,Delphos,Nec uero tripodas nec oportuit hiscere Delphos,LEMMA,LEMMA CITE URN,MORPH CITE URN,ANNOTATOR,urn:cts:croala:crije02.croala292491.croala-lat2w:body.div5.div4.l135.w7,167812
estlocus1,Hetruria,"Corniger , aut uano mendax Hetruria ritu ,",LEMMA,LEMMA CITE URN,MORPH CITE URN,ANNOTATOR,urn:cts:croala:crije02.croala292491.croala-lat2w:body.div5.div4.l138.w5,167900
estlocus4,Caldaeique,"Caldaeique senes , praesaga quid astra loquantur",LEMMA,LEMMA CITE URN,MORPH CITE URN,ANNOTATOR,urn:cts:croala:crije02.croala292491.croala-lat2w:body.div5.div4.l139.w1,167916
estlocus4,Cynosura,"Ecce uiros , seu quos caeli Cynosura sub imo",LEMMA,LEMMA CITE URN,MORPH CITE URN,ANNOTATOR,urn:cts:croala:crije02.croala292491.croala-lat2w:body.div5.div4.l18.w6,164100
estlocus4,Helice,"Siue Lychaoniis Helice demisit ab astris ,",LEMMA,LEMMA CITE URN,MORPH CITE URN,ANNOTATOR,urn:cts:croala:crije02.croala292491.croala-lat2w:body.div5.div4.l20.w3,164156
estlocus4,Graieue,"Vrsina de gente uides , Graieue puellae",LEMMA,LEMMA CITE URN,MORPH CITE URN,ANNOTATOR,urn:cts:croala:crije02.croala292491.croala-lat2w:body.div5.div4.l21.w5,164200
estlocus1,Gangem,"Qualis apud Gangem , famulis et ouantior Indis ,",LEMMA,LEMMA CITE URN,MORPH CITE URN,ANNOTATOR,urn:cts:croala:crije02.croala292491.croala-lat2w:body.div5.div4.l234.w3,171040
estlocus4,Indis,"Qualis apud Gangem , famulis et ouantior Indis ,",LEMMA,LEMMA CITE URN,MORPH CITE URN,ANNOTATOR,urn:cts:croala:crije02.croala292491.croala-lat2w:body.div5.div4.l234.w7,171060
estlocus2,Cadmaea,"Laetior , aula nouos geminat Cadmaea triumphos .",LEMMA,LEMMA CITE URN,MORPH CITE URN,ANNOTATOR,urn:cts:croala:crije02.croala292491.croala-lat2w:body.div5.div4.l241.w5,171271
estlocus4,Baleari,"Verbere nunc glandes Baleari , grandinis instar .",LEMMA,LEMMA CITE URN,MORPH CITE URN,ANNOTATOR,urn:cts:croala:crije02.croala292491.croala-lat2w:body.div5.div4.l292.w4,172961
estlocus1,Eurota,Eurota mirante suos in gymnade prima,LEMMA,LEMMA CITE URN,MORPH CITE URN,ANNOTATOR,urn:cts:croala:crije02.croala292491.croala-lat2w:body.div5.div4.l298.w1,173145
estlocus4,Calabrique,"Pontificis Calabrique ducis socia arma sequutum ,",LEMMA,LEMMA CITE URN,MORPH CITE URN,ANNOTATOR,urn:cts:croala:crije02.croala292491.croala-lat2w:body.div5.div4.l357.w2,175094
estlocus1,Florentia,"Et coniuratas tremeret Florentia uires ,",LEMMA,LEMMA CITE URN,MORPH CITE URN,ANNOTATOR,urn:cts:croala:crije02.croala292491.croala-lat2w:body.div5.div4.l363.w4,175286
estlocus4,Hetrusca,"Res Hetrusca suo : sociis Estensius armis ,",LEMMA,LEMMA CITE URN,MORPH CITE URN,ANNOTATOR,urn:cts:croala:crije02.croala292491.croala-lat2w:body.div5.div4.l409.w2,176776
estlocus1,Ferraria,"Quem Phaethontaeo Ferraria misit ab amne ,",LEMMA,LEMMA CITE URN,MORPH CITE URN,ANNOTATOR,urn:cts:croala:crije02.croala292491.croala-lat2w:body.div5.div4.l410.w3,176816
estlocus2,Adriaci,"Vrbs Venetum , Adriaci dominatrix maxima ponti ,",LEMMA,LEMMA CITE URN,MORPH CITE URN,ANNOTATOR,urn:cts:croala:crije02.croala292491.croala-lat2w:body.div5.div4.l413.w3,176920
estlocus1,Hetruria,"Esse tuis praesto cessauit , Hetruria , rebus .",LEMMA,LEMMA CITE URN,MORPH CITE URN,ANNOTATOR,urn:cts:croala:crije02.croala292491.croala-lat2w:body.div5.div4.l414.w5,176964
estlocus1,Arni,"Vos testes , fluuii hostiles innabilis Arni ,",LEMMA,LEMMA CITE URN,MORPH CITE URN,ANNOTATOR,urn:cts:croala:crije02.croala292491.croala-lat2w:body.div5.div4.l443.w6,177959
estlocus3,Alpes,"Non Alpes te mille iugis arcere ruentem ,",LEMMA,LEMMA CITE URN,MORPH CITE URN,ANNOTATOR,urn:cts:croala:crije02.croala292491.croala-lat2w:body.div5.div4.l446.w2,178051
estlocus1,Gallia,"Aut prohibere uelis ne tantum Gallia peccet ,",LEMMA,LEMMA CITE URN,MORPH CITE URN,ANNOTATOR,urn:cts:croala:crije02.croala292491.croala-lat2w:body.div5.div5.l14.w6,179640
estlocus1,Hesperiae,Iuncta sed Hesperiae corpus conspiret in unum,LEMMA,LEMMA CITE URN,MORPH CITE URN,ANNOTATOR,urn:cts:croala:crije02.croala292491.croala-lat2w:body.div5.div5.l15.w3,179664
estlocus4,Hebraea,Quid quod et unguentum in tumulo atque Hebraea bibebat,LEMMA,LEMMA CITE URN,MORPH CITE URN,ANNOTATOR,urn:cts:croala:crije02.croala292491.croala-lat2w:body.div6.div2.l35.w8,188400
estlocus4,Boreae,Et Rhodope et Boreae Martia regna trucis .,LEMMA,LEMMA CITE URN,MORPH CITE URN,ANNOTATOR,urn:cts:croala:crije02.croala292491.croala-lat2w:body.div6.div2.l62.w4,189267
estlocus2,Capitolino,"Nunc Capitolino rursus humata iugo ,",LEMMA,LEMMA CITE URN,MORPH CITE URN,ANNOTATOR,urn:cts:croala:crije02.croala292491.croala-lat2w:body.div6.div2.l78.w2,189815
estlocus4,Assyrio,Nuda nec Assyrio mersa liquore iacet .,LEMMA,LEMMA CITE URN,MORPH CITE URN,ANNOTATOR,urn:cts:croala:crije02.croala292491.croala-lat2w:body.div6.div2.l84.w3,190044
estlocus4,Amphionia,Quos Amphionia saxa habuere lyra .,LEMMA,LEMMA CITE URN,MORPH CITE URN,ANNOTATOR,urn:cts:croala:crije02.croala292491.croala-lat2w:body.div6.div21.l4.w2,210941
estlocus1,Cytheron,"Qui tamen ut rupes Rodopeia , siue Cytheron",LEMMA,LEMMA CITE URN,MORPH CITE URN,ANNOTATOR,urn:cts:croala:crije02.croala292491.croala-lat2w:body.div6.div21.l5.w7,210993
estlocus1,Illurici,"Et nocet Illurici pupula bina trucis ,",LEMMA,LEMMA CITE URN,MORPH CITE URN,ANNOTATOR,urn:cts:croala:crije02.croala292491.croala-lat2w:body.div6.div23.l54.w3,213111
estlocus2,Heliconia,"Sed tamen excludunt sanos Heliconia Tempe ,",LEMMA,LEMMA CITE URN,MORPH CITE URN,ANNOTATOR,urn:cts:croala:crije02.croala292491.croala-lat2w:body.div6.div23.l65.w5,213466
estlocus1,Hispania,"Quam tibi dat consors Hispania , sed decus astris",LEMMA,LEMMA CITE URN,MORPH CITE URN,ANNOTATOR,urn:cts:croala:crije02.croala292491.croala-lat2w:body.div6.div29.l25.w5,216364
estlocus2,Ioniumque,Tyrrenum ditant Ioniumque mare ;,LEMMA,LEMMA CITE URN,MORPH CITE URN,ANNOTATOR,urn:cts:croala:crije02.croala292491.croala-lat2w:body.div6.div29.l4.w3,215681
estlocus4,Delphica,Ramosum cingant Delphica serta caput ;,LEMMA,LEMMA CITE URN,MORPH CITE URN,ANNOTATOR,urn:cts:croala:crije02.croala292491.croala-lat2w:body.div6.div3.l112.w3,193872
estlocus4,Hyblaea,"Sic Hyblaea suos properat claementia flores ,",LEMMA,LEMMA CITE URN,MORPH CITE URN,ANNOTATOR,urn:cts:croala:crije02.croala292491.croala-lat2w:body.div6.div3.l139.w2,194731
estlocus1,Araxes,"Nec tantam imperii molem eluctatus Araxes ,",LEMMA,LEMMA CITE URN,MORPH CITE URN,ANNOTATOR,urn:cts:croala:crije02.croala292491.croala-lat2w:body.div6.div3.l169.w6,195681
estlocus3,Britannos,Quod Tanaim Nilumque interiacet atque Britannos,LEMMA,LEMMA CITE URN,MORPH CITE URN,ANNOTATOR,urn:cts:croala:crije02.croala292491.croala-lat2w:body.div6.div3.l171.w6,195741
estlocus1,Gangem,"Et Gangem , Eoum littus ad usque patet ,",LEMMA,LEMMA CITE URN,MORPH CITE URN,ANNOTATOR,urn:cts:croala:crije02.croala292491.croala-lat2w:body.div6.div3.l172.w2,195753
estlocus2,Eoum,"Et Gangem , Eoum littus ad usque patet ,",LEMMA,LEMMA CITE URN,MORPH CITE URN,ANNOTATOR,urn:cts:croala:crije02.croala292491.croala-lat2w:body.div6.div3.l172.w3,195761
estlocus1,Caucasus,"Hoc sibi deuictum est ; nec uallo Caucasus horrens ,",LEMMA,LEMMA CITE URN,MORPH CITE URN,ANNOTATOR,urn:cts:croala:crije02.croala292491.croala-lat2w:body.div6.div3.l173.w7,195817
estlocus1,Indum,Subiecitque suis opulentum fascibus Indum,LEMMA,LEMMA CITE URN,MORPH CITE URN,ANNOTATOR,urn:cts:croala:crije02.croala292491.croala-lat2w:body.div6.div3.l175.w5,195889
estlocus2,Firmana,"Quod nisi Panthagatum tellus Firmana necasset ,",LEMMA,LEMMA CITE URN,MORPH CITE URN,ANNOTATOR,urn:cts:croala:crije02.croala292491.croala-lat2w:body.div6.div3.l261.w5,198760
estlocus4,Achademiae,Atque Achademiae saucia turba gemit .,LEMMA,LEMMA CITE URN,MORPH CITE URN,ANNOTATOR,urn:cts:croala:crije02.croala292491.croala-lat2w:body.div6.div3.l272.w2,199075
estlocus2,Itala,"Fleuit Lesbiacos Itala terra sonos ,",LEMMA,LEMMA CITE URN,MORPH CITE URN,ANNOTATOR,urn:cts:croala:crije02.croala292491.croala-lat2w:body.div6.div3.l282.w3,199403
estlocus2,Dircaeis,Nec sic Dircaeis extincto Amphione Thebis,LEMMA,LEMMA CITE URN,MORPH CITE URN,ANNOTATOR,urn:cts:croala:crije02.croala292491.croala-lat2w:body.div6.div3.l283.w3,199431
estlocus4,Achademia,"Nunc tibi quae placidas Achademia cessit habenas ,",LEMMA,LEMMA CITE URN,MORPH CITE URN,ANNOTATOR,urn:cts:croala:crije02.croala292491.croala-lat2w:body.div6.div3.l7.w5,190357
estlocus1,Auerni,"Visceribusque canes diras , passurus Auerni",LEMMA,LEMMA CITE URN,MORPH CITE URN,ANNOTATOR,urn:cts:croala:crije02.croala292491.croala-lat2w:body.div6.div30.l45.w5,217988
estlocus4,Daxa,Hinc olitor Deus est . Sic Daxa pusilla laborat,LEMMA,LEMMA CITE URN,MORPH CITE URN,ANNOTATOR,urn:cts:croala:crije02.croala292491.croala-lat2w:body.div6.div31.l5.w6,218346
estlocus2,Illyricum,"Sorgius , Illyricum littus ad usque ualens .",LEMMA,LEMMA CITE URN,MORPH CITE URN,ANNOTATOR,urn:cts:croala:crije02.croala292491.croala-lat2w:body.div6.div31.l8.w2,218426
estlocus3,Dalmatas,"Omnes Dalmatas , et propinqua Teucae",LEMMA,LEMMA CITE URN,MORPH CITE URN,ANNOTATOR,urn:cts:croala:crije02.croala292491.croala-lat2w:body.div6.div38.l20.w2,223435
estlocus4,Barculique,Incunabula Barculique littus,LEMMA,LEMMA CITE URN,MORPH CITE URN,ANNOTATOR,urn:cts:croala:crije02.croala292491.croala-lat2w:body.div6.div38.l21.w2,223463
estlocus1,Adriae,"Non brumam aut rabiem Adriae aestuantis ,",LEMMA,LEMMA CITE URN,MORPH CITE URN,ANNOTATOR,urn:cts:croala:crije02.croala292491.croala-lat2w:body.div6.div38.l28.w5,223627
estlocus3,Iliae,Caelum hausisse uel Iliae uidetur,LEMMA,LEMMA CITE URN,MORPH CITE URN,ANNOTATOR,urn:cts:croala:crije02.croala292491.croala-lat2w:body.div6.div38.l43.w4,224050
estlocus1,Illyricum,Hospes ad Illyricum nullus ab Vrbe uenit ?,LEMMA,LEMMA CITE URN,MORPH CITE URN,ANNOTATOR,urn:cts:croala:crije02.croala292491.croala-lat2w:body.div6.div4.l12.w3,200635
estlocus2,Appia,"Appia , Flamminia est siue terenda uia .",LEMMA,LEMMA CITE URN,MORPH CITE URN,ANNOTATOR,urn:cts:croala:crije02.croala292491.croala-lat2w:body.div6.div5.l12.w1,202228
estlocus2,Flamminia,"Appia , Flamminia est siue terenda uia .",LEMMA,LEMMA CITE URN,MORPH CITE URN,ANNOTATOR,urn:cts:croala:crije02.croala292491.croala-lat2w:body.div6.div5.l12.w2,202236
estlocus2,Bari,"Seu Bari , Anconis moenia siue petet .",LEMMA,LEMMA CITE URN,MORPH CITE URN,ANNOTATOR,urn:cts:croala:crije02.croala292491.croala-lat2w:body.div6.div5.l14.w2,202300
estlocus2,Anconis,"Seu Bari , Anconis moenia siue petet .",LEMMA,LEMMA CITE URN,MORPH CITE URN,ANNOTATOR,urn:cts:croala:crije02.croala292491.croala-lat2w:body.div6.div5.l14.w3,202308
estlocus4,Cymmeriis,Si nunc Cymmeriis agam tenebris,LEMMA,LEMMA CITE URN,MORPH CITE URN,ANNOTATOR,urn:cts:croala:crije02.croala292491.croala-lat2w:body.div6.div6.l1.w3,203624
estlocus2,Cretaeis,"Cretaeis Epimenides sub antris ,",LEMMA,LEMMA CITE URN,MORPH CITE URN,ANNOTATOR,urn:cts:croala:crije02.croala292491.croala-lat2w:body.div6.div6.l13.w1,203932
estlocus4,Achademiae,"Sic Achademiae princeps censorque uocaris ,",LEMMA,LEMMA CITE URN,MORPH CITE URN,ANNOTATOR,urn:cts:croala:crije02.croala292491.croala-lat2w:body.div6.div8.l41.w2,206820
estlocus3,Francorum,15 . Epitaphium Ludouici regis Francorum,LEMMA,LEMMA CITE URN,MORPH CITE URN,ANNOTATOR,urn:cts:croala:crije02.croala292491.croala-lat2w:body.div7.div15.head.w5,232410
estlocus1,Alpes,"Arma inter dux , miles eram Ludouicus : Alpes",LEMMA,LEMMA CITE URN,MORPH CITE URN,ANNOTATOR,urn:cts:croala:crije02.croala292491.croala-lat2w:body.div7.div15.l1.w7,232450
estlocus2,Cymmeria,Cymmeria somnum carpere ualle uetent .,LEMMA,LEMMA CITE URN,MORPH CITE URN,ANNOTATOR,urn:cts:croala:crije02.croala292491.croala-lat2w:body.div7.div16.l10.w1,232903
estlocus2,Cymmeria,"Quae tibi , Cymmeria quamuis in ualle cubares ,",LEMMA,LEMMA CITE URN,MORPH CITE URN,ANNOTATOR,urn:cts:croala:crije02.croala292491.croala-lat2w:body.div7.div16.l9.w3,232872
estlocus4,Boreae,Et Rhesi et Boreae perfida regna trucis !,LEMMA,LEMMA CITE URN,MORPH CITE URN,ANNOTATOR,urn:cts:croala:crije02.croala292491.croala-lat2w:body.div7.div20.l104.w4,237207
estlocus1,Arctos,"Arctos et Occasus corpus conspiret in unum ,",LEMMA,LEMMA CITE URN,MORPH CITE URN,ANNOTATOR,urn:cts:croala:crije02.croala292491.croala-lat2w:body.div7.div20.l119.w1,237650
estlocus1,Asia,"Nec modo pensabunt Asia atque Europa labores ,",LEMMA,LEMMA CITE URN,MORPH CITE URN,ANNOTATOR,urn:cts:croala:crije02.croala292491.croala-lat2w:body.div7.div20.l131.w4,238071
estlocus1,Europa,"Nec modo pensabunt Asia atque Europa labores ,",LEMMA,LEMMA CITE URN,MORPH CITE URN,ANNOTATOR,urn:cts:croala:crije02.croala292491.croala-lat2w:body.div7.div20.l131.w6,238079
estlocus4,Athlas,"Continuum cuius torquet anhelus Athlas ,",LEMMA,LEMMA CITE URN,MORPH CITE URN,ANNOTATOR,urn:cts:croala:crije02.croala292491.croala-lat2w:body.div7.div20.l28.w5,234653
estlocus1,Florentia,"Paret et alterius dicto Florentia , nutu",LEMMA,LEMMA CITE URN,MORPH CITE URN,ANNOTATOR,urn:cts:croala:crije02.croala292491.croala-lat2w:body.div7.div20.l43.w5,235189
estlocus3,Ditis,Perque potestates binas sacraria Ditis,LEMMA,LEMMA CITE URN,MORPH CITE URN,ANNOTATOR,urn:cts:croala:crije02.croala292491.croala-lat2w:body.div7.div20.l67.w5,235980
estlocus1,Florentia,"Hinc tua principibus saluis Florentia salua est ,",LEMMA,LEMMA CITE URN,MORPH CITE URN,ANNOTATOR,urn:cts:croala:crije02.croala292491.croala-lat2w:body.div7.div20.l9.w5,234002
estlocus1,Europae,"Europae atque Asiae multum concordibus armis ,",LEMMA,LEMMA CITE URN,MORPH CITE URN,ANNOTATOR,urn:cts:croala:crije02.croala292491.croala-lat2w:body.div7.div20.l99.w1,237007
estlocus1,Asiae,"Europae atque Asiae multum concordibus armis ,",LEMMA,LEMMA CITE URN,MORPH CITE URN,ANNOTATOR,urn:cts:croala:crije02.croala292491.croala-lat2w:body.div7.div20.l99.w3,237015
estlocus2,Chaonis,Chaonis antiquo silua superba Ioue ;,LEMMA,LEMMA CITE URN,MORPH CITE URN,ANNOTATOR,urn:cts:croala:crije02.croala292491.croala-lat2w:body.div7.div26.l2.w1,242461
estlocus3,Ditis,"Non , Oriens , ultra bacchabere ; regia Ditis",LEMMA,LEMMA CITE URN,MORPH CITE URN,ANNOTATOR,urn:cts:croala:crije02.croala292491.croala-lat2w:body.div7.div26.l35.w6,243536
estlocus1,Caucasus,Caucasus et caeli pondere pressus Athlas .,LEMMA,LEMMA CITE URN,MORPH CITE URN,ANNOTATOR,urn:cts:croala:crije02.croala292491.croala-lat2w:body.div7.div26.l40.w1,243668
estlocus1,Athlas,Caucasus et caeli pondere pressus Athlas .,LEMMA,LEMMA CITE URN,MORPH CITE URN,ANNOTATOR,urn:cts:croala:crije02.croala292491.croala-lat2w:body.div7.div26.l40.w6,243688
estlocus1,Arctos,"Nanque Arctos Boreasque tonant , tonat Hesper et omnis",LEMMA,LEMMA CITE URN,MORPH CITE URN,ANNOTATOR,urn:cts:croala:crije02.croala292491.croala-lat2w:body.div7.div26.l41.w2,243704
estlocus4,Caledonio,Pulsa Caledonio terra fragore sonat ;,LEMMA,LEMMA CITE URN,MORPH CITE URN,ANNOTATOR,urn:cts:croala:crije02.croala292491.croala-lat2w:body.div7.div26.l42.w2,243744
estlocus2,Alpinis,Hinc uolat Alpinis cuspis hyulca iugis .,LEMMA,LEMMA CITE URN,MORPH CITE URN,ANNOTATOR,urn:cts:croala:crije02.croala292491.croala-lat2w:body.div7.div26.l44.w3,243808
estlocus1,Florentia,"Teque recaeptura est reducem Florentia , quo te",LEMMA,LEMMA CITE URN,MORPH CITE URN,ANNOTATOR,urn:cts:croala:crije02.croala292491.croala-lat2w:body.div7.div27.l11.w5,245306
estlocus2,Ausonis,Vectura est humeris Ausonis ora suis .,LEMMA,LEMMA CITE URN,MORPH CITE URN,ANNOTATOR,urn:cts:croala:crije02.croala292491.croala-lat2w:body.div7.div27.l12.w4,245338
estlocus4,Aoniam,"Pulcher , ad Aoniam Calliopea lyram ,",LEMMA,LEMMA CITE URN,MORPH CITE URN,ANNOTATOR,urn:cts:croala:crije02.croala292491.croala-lat2w:body.div7.div29.l2.w3,245789
estlocus4,Carybdis,"Miser , ah , miser , Carybdis",LEMMA,LEMMA CITE URN,MORPH CITE URN,ANNOTATOR,urn:cts:croala:crije02.croala292491.croala-lat2w:body.div7.div31.l29.w4,247180
estlocus4,Acheloa,Acheloa monstra quali,LEMMA,LEMMA CITE URN,MORPH CITE URN,ANNOTATOR,urn:cts:croala:crije02.croala292491.croala-lat2w:body.div7.div31.l7.w1,246776
estlocus3,Galli,"Iulius hic situs est , Galli Venetique fatentur",LEMMA,LEMMA CITE URN,MORPH CITE URN,ANNOTATOR,urn:cts:croala:crije02.croala292491.croala-lat2w:body.div7.div33.l1.w5,247795
estlocus4,Herebo,Tu portenta relegas Herebo tot furialia,LEMMA,LEMMA CITE URN,MORPH CITE URN,ANNOTATOR,urn:cts:croala:crije02.croala292491.croala-lat2w:body.div7.div4.l5.w4,226733
estlocus3,Britannis,"Quae uectantur ab ultimis Britannis ,",LEMMA,LEMMA CITE URN,MORPH CITE URN,ANNOTATOR,urn:cts:croala:crije02.croala292491.croala-lat2w:body.div7.div5.l14.w5,227451
estlocus2,Bizantia,"Quas Bizantia missitat Propontis , 5 , 15 Quas . . . Propontis : versus additus in margine",LEMMA,LEMMA CITE URN,MORPH CITE URN,ANNOTATOR,urn:cts:croala:crije02.croala292491.croala-lat2w:body.div7.div5.l15.w2,227467
estlocus1,Europa,"Europa atque Asia , Affricumque littus",LEMMA,LEMMA CITE URN,MORPH CITE URN,ANNOTATOR,urn:cts:croala:crije02.croala292491.croala-lat2w:body.div7.div5.l17.w1,227572
estlocus1,Asia,"Europa atque Asia , Affricumque littus",LEMMA,LEMMA CITE URN,MORPH CITE URN,ANNOTATOR,urn:cts:croala:crije02.croala292491.croala-lat2w:body.div7.div5.l17.w3,227580
estlocus2,Affricumque,"Europa atque Asia , Affricumque littus",LEMMA,LEMMA CITE URN,MORPH CITE URN,ANNOTATOR,urn:cts:croala:crije02.croala292491.croala-lat2w:body.div7.div5.l17.w4,227588
estlocus3,Heliconis,Non Heliconis aquas desiderat aut Aganyppes,LEMMA,LEMMA CITE URN,MORPH CITE URN,ANNOTATOR,urn:cts:croala:crije02.croala292491.croala-lat2w:body.div7.div53.l3.w2,253574
estlocus1,Geennae,Notus in caelo angelus et Geennae,LEMMA,LEMMA CITE URN,MORPH CITE URN,ANNOTATOR,urn:cts:croala:crije02.croala292491.croala-lat2w:body.div7.div8.l17.w6,228481
