Nomen,estLocus,Textus,URN
Achaię,estlocus1,Achaię populos docuit; mox ponere iussit,urn:cts:croala:marulic-m.carmina.croala-lat.loci:text.group.text8.body.div.div5.div2.l3.w1
Achelous,estlocus4,Victus Achelous propriis caput intulit undis,urn:cts:croala:marulic-m.carmina.croala-lat.loci:text.group.text2.body.div.div2.l31.w2
Adriano,estlocus0,Pro Adriano VI. Pontifice Maximo ad Christum oratio,urn:cts:croala:marulic-m.carmina.croala-lat.loci:text.group.text4.body.div.div6.head.w2
Adriano,estlocus0,"Pontifici da, Christe, tuo quę posco Adriano:",urn:cts:croala:marulic-m.carmina.croala-lat.loci:text.group.text4.body.div.div6.l1.w7
Adriano,estlocus0,"Talia si dederis, non soli, Christe, Adriano,",urn:cts:croala:marulic-m.carmina.croala-lat.loci:text.group.text4.body.div.div6.l13.w7
Albanum,estlocus1,Albanum ueniens patitur tormenta tyranni,urn:cts:croala:marulic-m.carmina.croala-lat.loci:text.group.text8.body.div.div5.div4.l21.w1
Alphei,estlocus0,Iacobus Alphei,urn:cts:croala:marulic-m.carmina.croala-lat.loci:text.group.text8.body.div.div5.div9.head.w2
Alpheo,estlocus0,"Alpheo genitore satus, cognomine Iustus",urn:cts:croala:marulic-m.carmina.croala-lat.loci:text.group.text8.body.div.div5.div9.l1.w1
Amphioniam,estlocus0,Thebe Amphioniam laudet ametque lyram;,urn:cts:croala:marulic-m.carmina.croala-lat.loci:text.group.text3.body.div.div12.l2.w2
Aoniam,estlocus4,Aoniam flabis forsan et ipse tubam,urn:cts:croala:marulic-m.carmina.croala-lat.loci:text.group.text3.body.div.div3.l8.w1
Aonias,estlocus4,Pamphagus Aonias iussit adesse deas.,urn:cts:croala:marulic-m.carmina.croala-lat.loci:text.group.text5.body.div.div1.l2.w2
Aonias,estlocus4,Et capit Aonias tam noua forma deas.,urn:cts:croala:marulic-m.carmina.croala-lat.loci:text.group.text5.body.div.div24.l8.w3
Aonii,estlocus4,Aonii superes culmina summa iugi.,urn:cts:croala:marulic-m.carmina.croala-lat.loci:text.group.text3.body.div.div6.l10.w1
Aonię,estlocus1,"Hieronyme, Aonię quanuis nouus incola siluę,",urn:cts:croala:marulic-m.carmina.croala-lat.loci:text.group.text3.body.div.div4.l1.w2
Aonię,estlocus1,Cingent Aonię lauro tua tempora Musę,urn:cts:croala:marulic-m.carmina.croala-lat.loci:text.group.text3.body.div.div16.l5.w2
Aquinas,estlocus4,Atque olim Iuuenalis ipse Aquinas,urn:cts:croala:marulic-m.carmina.croala-lat.loci:text.group.text5.body.div.div23.l3.w5
Arar,estlocus1,"Cuius sensit Arar, cuius certamina Tygris,",urn:cts:croala:marulic-m.carmina.croala-lat.loci:text.group.text6.body.div.div18.l1.w3
Argiua,estlocus2,"Taurum, Creta, tuum tellus Argiua recępit",urn:cts:croala:marulic-m.carmina.croala-lat.loci:text.group.text2.body.div.div2.l11.w5
Argoę,estlocus0,Bosque fui Argoę tradita custodię.,urn:cts:croala:marulic-m.carmina.croala-lat.loci:text.group.text1.body.div.div5.l2.w3
Ariminea,estlocus4,"Ad Ioannem Asclepianum poetam de eius Ariminea in qua Robertum Ariminensium
                ducem Latium Achillem appellat",urn:cts:croala:marulic-m.carmina.croala-lat.loci:text.group.text3.body.div.div1.head.w7
Ariminensium,estlocus4,"Ad Ioannem Asclepianum poetam de eius Ariminea in qua Robertum Ariminensium
                ducem Latium Achillem appellat",urn:cts:croala:marulic-m.carmina.croala-lat.loci:text.group.text3.body.div.div1.head.w11
Armeniosque,estlocus0,Persasque et Parthos Armeniosque docet.,urn:cts:croala:marulic-m.carmina.croala-lat.loci:text.group.text8.body.div.div5.div7.l2.w4
Armenię,estlocus1,Impiger Armenię protinus arua petit.,urn:cts:croala:marulic-m.carmina.croala-lat.loci:text.group.text8.body.div.div5.div4.l20.w2
Arnus,estlocus1,"Immo ex quo genitum ripis tulit Arnus Ethruscis,",urn:cts:croala:marulic-m.carmina.croala-lat.loci:text.group.text9.body.div.div1.div2.l93.w7
Asiacis,estlocus2,Finibus Asiacis se positurus abit,urn:cts:croala:marulic-m.carmina.croala-lat.loci:text.group.text8.body.div.div5.div3.l20.w2
Asię,estlocus1,Vnus cuncta Asię sacra sacella regens.,urn:cts:croala:marulic-m.carmina.croala-lat.loci:text.group.text8.body.div.div5.div6.l40.w3
Asię,estlocus1,"Longa tenent, Asię qui quoque rura colunt.",urn:cts:croala:marulic-m.carmina.croala-lat.loci:text.group.text8.body.div.div5.div10.l8.w3
Athlas,estlocus0,Athlas,urn:cts:croala:marulic-m.carmina.croala-lat.loci:text.group.text1.body.div.div39.head.w
Athlas,estlocus0,Athlas Iapetides stellarum torquet Olympum,urn:cts:croala:marulic-m.carmina.croala-lat.loci:text.group.text1.body.div.div39.l1.w1
Athlas,estlocus0,Atque deos omnis sustinet unus Athlas.,urn:cts:croala:marulic-m.carmina.croala-lat.loci:text.group.text1.body.div.div39.l2.w6
Athlas,estlocus0,Hospitium Perseo ni uetuisset Athlas.,urn:cts:croala:marulic-m.carmina.croala-lat.loci:text.group.text1.body.div.div40.l2.w5
Athlas,estlocus0,Cędat Athlas — prisco carmine clarus Athlas!,urn:cts:croala:marulic-m.carmina.croala-lat.loci:text.group.text2.body.div.div6.l2.w2
Athlas,estlocus0,Cędat Athlas — prisco carmine clarus Athlas!,urn:cts:croala:marulic-m.carmina.croala-lat.loci:text.group.text2.body.div.div6.l2.w6
Aurora,estlocus0,"Ardet amans Aurora, fugit te, Cephale, Procris:",urn:cts:croala:marulic-m.carmina.croala-lat.loci:text.group.text1.body.div.div51.l1.w3
Bethlemi,estlocus1,Iste tribus Iudę Bethlemi natus in urbe,urn:cts:croala:marulic-m.carmina.croala-lat.loci:text.group.text8.body.div.div5.div11.l1.w4
Castalidas,estlocus0,"Castalidas uiolare meas fuge, si sapis; his qui",urn:cts:croala:marulic-m.carmina.croala-lat.loci:text.group.text1.body.div.div46.l1.w1
Castaliis,estlocus2,Ter quoque Castaliis illa rigauit aquis.,urn:cts:croala:marulic-m.carmina.croala-lat.loci:text.group.text3.body.div.div3.l4.w3
Castalios,estlocus2,Et prope Castalios iam sedet illa lacus.,urn:cts:croala:marulic-m.carmina.croala-lat.loci:text.group.text5.body.div.div24.l6.w3
Cecropia,estlocus4,"Cecropia doctus lingua doctusque Latina,",urn:cts:croala:marulic-m.carmina.croala-lat.loci:text.group.text8.body.div.div6.div1.l5.w1
Centaurorum,estlocus0,Et Centaurorum uis ardens quadrupedantum,urn:cts:croala:marulic-m.carmina.croala-lat.loci:text.group.text2.body.div.div2.l29.w2
Cephale,estlocus0,"Ardet amans Aurora, fugit te, Cephale, Procris:",urn:cts:croala:marulic-m.carmina.croala-lat.loci:text.group.text1.body.div.div51.l1.w6
Cephalus,estlocus0,Procris et Cephalus,urn:cts:croala:marulic-m.carmina.croala-lat.loci:text.group.text1.body.div.div51.head.w3
Cephalus,estlocus0,Cephalus in Procrim,urn:cts:croala:marulic-m.carmina.croala-lat.loci:text.group.text1.body.div.div53.head.w1
Cepheida,estlocus0,"Sero petis, Phineu, iunctam Cepheida Perseo:",urn:cts:croala:marulic-m.carmina.croala-lat.loci:text.group.text1.body.div.div44.l1.w5
Chiron,estlocus4,Chiron,urn:cts:croala:marulic-m.carmina.croala-lat.loci:text.group.text1.body.div.div48.head.w
Chirona,estlocus4,"In scopulos Chirona tibi fuge, nauita, uersum:",urn:cts:croala:marulic-m.carmina.croala-lat.loci:text.group.text1.body.div.div48.l1.w3
Cinthia,estlocus0,"Cinthia, Proethidem quid curuo confodis arcu?",urn:cts:croala:marulic-m.carmina.croala-lat.loci:text.group.text1.body.div.div61.l1.w1
Cinthius,estlocus4,Increpuit resonam Cinthius ipse lyram,urn:cts:croala:marulic-m.carmina.croala-lat.loci:text.group.text3.body.div.div1.l6.w3
Cinthius,estlocus4,Non negat argutam Cinthius ipse lyram.,urn:cts:croala:marulic-m.carmina.croala-lat.loci:text.group.text3.body.div.div9.l4.w4
Creta,estlocus1,"Taurum, Creta, tuum tellus Argiua recępit",urn:cts:croala:marulic-m.carmina.croala-lat.loci:text.group.text2.body.div.div2.l11.w2
Cylenia,estlocus0,"Hic lapis est index, sed si Cylenia furta",urn:cts:croala:marulic-m.carmina.croala-lat.loci:text.group.text1.body.div.div17.l1.w7
Cypri,estlocus1,Conuerso demum Paulo proconsule Cypri,urn:cts:croala:marulic-m.carmina.croala-lat.loci:text.group.text8.body.div.div5.div12.l13.w5
Cypri,estlocus1,Post hęc Barnabas Cypri docet et Salaminis,urn:cts:croala:marulic-m.carmina.croala-lat.loci:text.group.text8.body.div.div5.div13.l25.w4
Cypria,estlocus4,Cypria progenies Barnabas atque Leuites,urn:cts:croala:marulic-m.carmina.croala-lat.loci:text.group.text8.body.div.div5.div13.l1.w1
Cyrrheo,estlocus4,Cędite Cyrrheo nascentes uertice lauri,urn:cts:croala:marulic-m.carmina.croala-lat.loci:text.group.text5.body.div.div24.l1.w2
Cęphiso,estlocus4,Arsit amans Echo Cęphiso flumine natum:,urn:cts:croala:marulic-m.carmina.croala-lat.loci:text.group.text1.body.div.div24.l1.w4
Cęsareę,estlocus1,Post hęc Cęsareę Cornelius incipit illi,urn:cts:croala:marulic-m.carmina.croala-lat.loci:text.group.text8.body.div.div5.div1.l23.w3
Dalmaticum,estlocus4,"Xarcus, Dalmaticum gloria prima ducum.",urn:cts:croala:marulic-m.carmina.croala-lat.loci:text.group.text6.body.div.div15.l4.w2
Danaem,estlocus0,Inclusam Danaem ferrea turris habet.,urn:cts:croala:marulic-m.carmina.croala-lat.loci:text.group.text5.body.div.div27.l2.w2
Delmatię,estlocus1,Delmatię lętis olim generatus in oris,urn:cts:croala:marulic-m.carmina.croala-lat.loci:text.group.text8.body.div.div6.div1.l1.w1
Drusianam,estlocus0,"Inde Ephesum rediens Drusianam suscitat, ipsum",urn:cts:croala:marulic-m.carmina.croala-lat.loci:text.group.text8.body.div.div5.div6.l11.w4
Ebionis,estlocus0,Extirpare uolens Ebionis dogma putantis,urn:cts:croala:marulic-m.carmina.croala-lat.loci:text.group.text8.body.div.div5.div3.l21.w3
Echiona,estlocus0,"Tu si quam mihi gratiam referre curabis, ea erit cumulatissima si eidem Virgini,
                  cui te penitus mancipatum uideo, me plurimum commendes, tum etiam si in
                  decantandis uersiculis istis tuum acroma, tuos phtongos, rithmos, tonos tuumque
                  melos exerceas, minime quidem ad meorum humilitatem ineptitudinemque uerborum
                  respiciens, sed ipsius, cui dicata sunt, sanctitudinem maiestatemque contemplans.
                  Id si feceris, non Orphea non Lynum non Thamiram non Amphionem, neque Echiona
                  neque Ariona neque Demodocum neque Terpandrum, nec Simonidem nec Timotheum nec
                  crinitum a Vergilio nostro Iopam desyderabimus. Tu unus pro omnibus satis eris.",urn:cts:croala:marulic-m.carmina.croala-lat.loci:text.group.text9.body.div.div1.div1.p3.w66
Edessa,estlocus1,"Vrbs Edessa quidem corpus ueneratur et ossa,",urn:cts:croala:marulic-m.carmina.croala-lat.loci:text.group.text8.body.div.div5.div7.l31.w2
Egea,estlocus0,Hunc Egea furens crudeli uerbere cęsum,urn:cts:croala:marulic-m.carmina.croala-lat.loci:text.group.text8.body.div.div5.div2.l5.w2
Egippi,estlocus0,Egippi regis natum de morte redemptum,urn:cts:croala:marulic-m.carmina.croala-lat.loci:text.group.text8.body.div.div5.div8.l13.w1
Egippo,estlocus0,"Egippo natę captus Iphigenię,",urn:cts:croala:marulic-m.carmina.croala-lat.loci:text.group.text8.body.div.div5.div8.l18.w1
Eolides,estlocus0,Eolides Athamas lustrans indagine siluas,urn:cts:croala:marulic-m.carmina.croala-lat.loci:text.group.text1.body.div.div34.l1.w1
Eolus,estlocus0,Spirabit faciles Venetis pater Eolus auras,urn:cts:croala:marulic-m.carmina.croala-lat.loci:text.group.text4.body.div.div12.l1.w5
Epheso,estlocus1,Ex Epheso Romam tractus feruente nequiuit,urn:cts:croala:marulic-m.carmina.croala-lat.loci:text.group.text8.body.div.div5.div6.l7.w2
Ephesum,estlocus1,"Inde Ephesum rediens Drusianam suscitat, ipsum",urn:cts:croala:marulic-m.carmina.croala-lat.loci:text.group.text8.body.div.div5.div6.l11.w2
Erimanthei,estlocus4,Ipsa Erimanthei feritas elanguit apri,urn:cts:croala:marulic-m.carmina.croala-lat.loci:text.group.text2.body.div.div2.l7.w2
Erithręi,estlocus2,"Tum, quem Erithręi felicibus ęquoris undis",urn:cts:croala:marulic-m.carmina.croala-lat.loci:text.group.text8.body.div.div2.l82.w3
Ethruscis,estlocus2,"Immo ex quo genitum ripis tulit Arnus Ethruscis,",urn:cts:croala:marulic-m.carmina.croala-lat.loci:text.group.text9.body.div.div1.div2.l93.w8
Euphratis,estlocus1,Tygris et Euphratis quę cohibetur aquis.,urn:cts:croala:marulic-m.carmina.croala-lat.loci:text.group.text8.body.div.div5.div10.l6.w3
Eurialus,estlocus0,Eurialus Niso non ita gratus erat.,urn:cts:croala:marulic-m.carmina.croala-lat.loci:text.group.text7.body.div.div2.l6.w1
Euritus,estlocus0,Oechalię regno fidens Euritus – ab illo,urn:cts:croala:marulic-m.carmina.croala-lat.loci:text.group.text2.body.div.div2.l35.w4
Euro,estlocus0,"Ocior hic uentis, Euro, Zephiroque Notoque",urn:cts:croala:marulic-m.carmina.croala-lat.loci:text.group.text6.body.div.div27.l3.w4
Europam,estlocus0,"Qualis ad Europam diceris isse, ueni.",urn:cts:croala:marulic-m.carmina.croala-lat.loci:text.group.text1.body.div.div7.l2.w3
Florentino,estlocus4,De Leone X. Pontifice Maximo Florentino de Medicum familia,urn:cts:croala:marulic-m.carmina.croala-lat.loci:text.group.text4.body.div.div3.head.w6
Fluentinos,estlocus4,Prima Fluentinos inter habenda uiros.,urn:cts:croala:marulic-m.carmina.croala-lat.loci:text.group.text4.body.div.div13.l4.w2
Fluentinę,estlocus4,"Pisa, Fluentinę quę multo tempore genti",urn:cts:croala:marulic-m.carmina.croala-lat.loci:text.group.text4.body.div.div1.l1.w2
Franco,estlocus0,Ad Paulum de Franco moecho,urn:cts:croala:marulic-m.carmina.croala-lat.loci:text.group.text5.body.div.div31.head.w4
Franco,estlocus0,Si potes uxorem Franco seruare furente,urn:cts:croala:marulic-m.carmina.croala-lat.loci:text.group.text5.body.div.div31.l1.w4
Galli,estlocus4,Et Galli cristas pignus amoris habent.,urn:cts:croala:marulic-m.carmina.croala-lat.loci:text.group.text4.body.div.div2.sp5.l2.w2
Gallica,estlocus4,"Gallica te uestis designat, Barthole, Gallum;",urn:cts:croala:marulic-m.carmina.croala-lat.loci:text.group.text5.body.div.div13.l1.w1
Gallis,estlocus0,De Gallis et Hispanis inter se bellantibus,urn:cts:croala:marulic-m.carmina.croala-lat.loci:text.group.text4.body.div.div7.head.w2
Gallum,estlocus0,"Gallica te uestis designat, Barthole, Gallum;",urn:cts:croala:marulic-m.carmina.croala-lat.loci:text.group.text5.body.div.div13.l1.w6
Gallus,estlocus0,Gallus et Hispanus bella cruenta gerunt.,urn:cts:croala:marulic-m.carmina.croala-lat.loci:text.group.text4.body.div.div7.l2.w1
Gargaphiam,estlocus4,Gargaphiam uidit qui sine ueste deam!,urn:cts:croala:marulic-m.carmina.croala-lat.loci:text.group.text7.body.div.div3.l18.w1
Germane,estlocus4,"Quo, Cęsar Germane, ruis?",urn:cts:croala:marulic-m.carmina.croala-lat.loci:text.group.text4.body.div.div2.sp1.l.w3
Getasque,estlocus4,"Aurum Sauromatas, Parthos, Tracesque Getasque",urn:cts:croala:marulic-m.carmina.croala-lat.loci:text.group.text5.body.div.div27.l5.w5
Getulos,estlocus4,"Illa etiam Getulos uicit feritate leones,",urn:cts:croala:marulic-m.carmina.croala-lat.loci:text.group.text7.body.div.div3.l13.w3
Graię,estlocus4,"Et Latię et Graię callebat Palladis artes,",urn:cts:croala:marulic-m.carmina.croala-lat.loci:text.group.text6.body.div.div25.l9.w4
Hebraice,estlocus4,Nouerat Hebraice Caldaiceque loqui.,urn:cts:croala:marulic-m.carmina.croala-lat.loci:text.group.text6.body.div.div25.l10.w2
Hebraicos,estlocus4,Hebraicos didicit Chaldaicosque sonos.,urn:cts:croala:marulic-m.carmina.croala-lat.loci:text.group.text8.body.div.div6.div1.l6.w1
Heliconis,estlocus1,Quid Phoebum Musasque uocas Heliconis ab antro,urn:cts:croala:marulic-m.carmina.croala-lat.loci:text.group.text5.body.div.div4.l1.w5
Heliconis,estlocus1,Siue desertis Heliconis undis,urn:cts:croala:marulic-m.carmina.croala-lat.loci:text.group.text5.body.div.div25.l19.w3
Hemus,estlocus3,"Cantibus Orphei Rhodope lętetur et Hemus,",urn:cts:croala:marulic-m.carmina.croala-lat.loci:text.group.text3.body.div.div12.l1.w6
Herculea,estlocus0,Antheus Herculea sublatus in aera dextra,urn:cts:croala:marulic-m.carmina.croala-lat.loci:text.group.text1.body.div.div60.l1.w2
Herculeas,estlocus0,Herculeas uires uasti sensere Gygantes,urn:cts:croala:marulic-m.carmina.croala-lat.loci:text.group.text2.body.div.div2.l27.w1
Herebi,estlocus1,Dux Herebi Pluton superas peruenit ad auras,urn:cts:croala:marulic-m.carmina.croala-lat.loci:text.group.text1.body.div.div62.l1.w2
Hesperidum,estlocus0,Mactato Hesperidum carpuntur poma dracone,urn:cts:croala:marulic-m.carmina.croala-lat.loci:text.group.text2.body.div.div2.l19.w2
Hesperidumque,estlocu0,"Hesperidumque magis, Fusce, dracone uigil.",urn:cts:croala:marulic-m.carmina.croala-lat.loci:text.group.text7.body.div.div3.l8.w1
Hiberi,estlocus4,Toracis tegmen Hiberi,urn:cts:croala:marulic-m.carmina.croala-lat.loci:text.group.text4.body.div.div2.sp5.l1.w3
Hieropoli,estlocus1,Hieropoli Phrygię post hęc comprensus in urbe,urn:cts:croala:marulic-m.carmina.croala-lat.loci:text.group.text8.body.div.div5.div3.l23.w1
Hispania,estlocus1,Post hęc occisi rapuit Hispania corpus:,urn:cts:croala:marulic-m.carmina.croala-lat.loci:text.group.text8.body.div.div5.div5.l19.w5
Hispanis,estlocus0,De Gallis et Hispanis inter se bellantibus,urn:cts:croala:marulic-m.carmina.croala-lat.loci:text.group.text4.body.div.div7.head.w4
Hispanos,estlocus3,"Transit ad Hispanos atque his monstrauit Iesum,",urn:cts:croala:marulic-m.carmina.croala-lat.loci:text.group.text8.body.div.div5.div5.l5.w3
Hispanus,estlocus0,Gallus et Hispanus bella cruenta gerunt.,urn:cts:croala:marulic-m.carmina.croala-lat.loci:text.group.text4.body.div.div7.l2.w3
Hybleis,estlocus4,Qualia ab Hybleis roscida mella fauis.,urn:cts:croala:marulic-m.carmina.croala-lat.loci:text.group.text3.body.div.div9.l6.w3
Hymenea,estlocus0,"Edit: Lucinam, non Hymenea colit.",urn:cts:croala:marulic-m.carmina.croala-lat.loci:text.group.text5.body.div.div32.l2.w4
Hyrcanas,estlocus4,Vicit et Hyrcanas asperitate tygres.,urn:cts:croala:marulic-m.carmina.croala-lat.loci:text.group.text7.body.div.div3.l14.w3
Hyrcanos,estlocus0,"Didymus ipse Medos, Hyrcanos, Bragmanas idem",urn:cts:croala:marulic-m.carmina.croala-lat.loci:text.group.text8.body.div.div5.div7.l1.w4
Iapete,estlocus0,"Phoetusa, Iapete, Phoebe",urn:cts:croala:marulic-m.carmina.croala-lat.loci:text.group.text1.body.div.div9.head.w2
Iapetides,estlocus0,Athlas Iapetides stellarum torquet Olympum,urn:cts:croala:marulic-m.carmina.croala-lat.loci:text.group.text1.body.div.div39.l1.w2
Icarię,estlocus2,Improbus Icarię nomina fecit aquę.,urn:cts:croala:marulic-m.carmina.croala-lat.loci:text.group.text1.body.div.div58.l2.w2
Icarię,estlocus2,Ne forte Icarię fabula dicar aquę.,urn:cts:croala:marulic-m.carmina.croala-lat.loci:text.group.text3.body.div.div4.l10.w3
Icarus,estlocus0,Icarus,urn:cts:croala:marulic-m.carmina.croala-lat.loci:text.group.text1.body.div.div58.head.w
Idea,estlocus4,"Nigrior Idea nunc es pice, corue, sed idem",urn:cts:croala:marulic-m.carmina.croala-lat.loci:text.group.text1.body.div.div13.l1.w2
Idei,estlocus4,Daphnidis Idei saxea fata docent.,urn:cts:croala:marulic-m.carmina.croala-lat.loci:text.group.text1.body.div.div30.l2.w2
Idem,estlocus0,"Idem sexus inest: Iuppiter, ergo ueni!",urn:cts:croala:marulic-m.carmina.croala-lat.loci:text.group.text1.body.div.div6.l2.w1
Idem,estlocus0,Idem,urn:cts:croala:marulic-m.carmina.croala-lat.loci:text.group.text1.body.div.div13.head.w
Idem,estlocus0,Idem,urn:cts:croala:marulic-m.carmina.croala-lat.loci:text.group.text1.body.div.div23.head.w
Idem,estlocus0,Idem,urn:cts:croala:marulic-m.carmina.croala-lat.loci:text.group.text1.body.div.div40.head.w
Idem,estlocus0,Idem,urn:cts:croala:marulic-m.carmina.croala-lat.loci:text.group.text1.body.div.div44.head.w
Idem,estlocus0,Idem,urn:cts:croala:marulic-m.carmina.croala-lat.loci:text.group.text1.body.div.div52.head.w
Illyricum,estlocus4,Ad Bartholum Illyricum,urn:cts:croala:marulic-m.carmina.croala-lat.loci:text.group.text5.body.div.div13.head.w3
Illyricum,estlocus4,Lingua sed Illyricum te genus esse docet.,urn:cts:croala:marulic-m.carmina.croala-lat.loci:text.group.text5.body.div.div13.l2.w3
Indis,estlocus4,"Libertas auro, gemmis quoque charior Indis",urn:cts:croala:marulic-m.carmina.croala-lat.loci:text.group.text4.body.div.div1.l5.w6
Indorum,estlocus4,"Regia progenies Indorum Bartholomęus,",urn:cts:croala:marulic-m.carmina.croala-lat.loci:text.group.text8.body.div.div5.div4.l1.w3
Indos,estlocus3,"Sed, magis extremos postquam transiuit ad Indos,",urn:cts:croala:marulic-m.carmina.croala-lat.loci:text.group.text8.body.div.div5.div7.l7.w7
Indulget,estlocus0,Indulget nunquam nec seruo dira nec ulli,urn:cts:croala:marulic-m.carmina.croala-lat.loci:text.group.text6.body.div.div11.l5.w1
Induperatores,estlocus0,"Induperatores, compulit esse pios.",urn:cts:croala:marulic-m.carmina.croala-lat.loci:text.group.text8.body.div.div6.div2.l16.w1
Indus,estlocus1,"Tum uarii, quos Indus habet, micuere lapilli,",urn:cts:croala:marulic-m.carmina.croala-lat.loci:text.group.text8.body.div.div2.l85.w4
Insubrum,estlocus3,"Hic postquam Insubrum pręses peruenit ad urbem,",urn:cts:croala:marulic-m.carmina.croala-lat.loci:text.group.text8.body.div.div6.div2.l9.w3
Insula,estlocus0,"Insula me retinet quę, scis, non amplius ista",urn:cts:croala:marulic-m.carmina.croala-lat.loci:text.group.text7.body.div.div1.l9.w1
Ioppe,estlocus1,Tabitha mox Ioppe fato collapsa resurgit,urn:cts:croala:marulic-m.carmina.croala-lat.loci:text.group.text8.body.div.div5.div1.l21.w3
Itacensis,estlocus4,Prouidus ingenio dux Itacensis erat.,urn:cts:croala:marulic-m.carmina.croala-lat.loci:text.group.text4.body.div.div11.l2.w4
Italo,estlocus2,Ergo Italo Mauors quę uulnera contulit orbi,urn:cts:croala:marulic-m.carmina.croala-lat.loci:text.group.text4.body.div.div4.l11.w2
Iudas,estlocus0,Symon et Iudas,urn:cts:croala:marulic-m.carmina.croala-lat.loci:text.group.text8.body.div.div5.div10.head.w3
Iudas,estlocus0,"Thadeus est Iudas dictus, Symon ipse Zelotes,",urn:cts:croala:marulic-m.carmina.croala-lat.loci:text.group.text8.body.div.div5.div10.l1.w3
Iudea,estlocus1,Hic in Iudea doctrinę semina sanctę,urn:cts:croala:marulic-m.carmina.croala-lat.loci:text.group.text8.body.div.div5.div8.l3.w3
Iudea,estlocus2,Explicat hic Christi Iudea per oppida leges,urn:cts:croala:marulic-m.carmina.croala-lat.loci:text.group.text8.body.div.div5.div11.l7.w4
Iudeis,estlocus0,Iudeis aperit allophylisque fidem.,urn:cts:croala:marulic-m.carmina.croala-lat.loci:text.group.text8.body.div.div5.div12.l12.w1
Iudeorum,estlocus4,Hunc Salaminę gens tandem impia Iudeorum,urn:cts:croala:marulic-m.carmina.croala-lat.loci:text.group.text8.body.div.div5.div13.l29.w6
Iudeos,estlocus0,Iudeos etiam lustralibus abluit undis:,urn:cts:croala:marulic-m.carmina.croala-lat.loci:text.group.text8.body.div.div5.div5.l9.w1
Iudeę,estlocus1,"Ciuis erat quondam Iudeę Giscalis urbis,",urn:cts:croala:marulic-m.carmina.croala-lat.loci:text.group.text8.body.div.div5.div12.l3.w4
Labyrinthus,estlocus4,"Perplexum Labyrinthus iter, uarius Minotaurus.",urn:cts:croala:marulic-m.carmina.croala-lat.loci:text.group.text1.body.div.div56.l1.w2
Latina,estlocus4,Peto regna Latina.,urn:cts:croala:marulic-m.carmina.croala-lat.loci:text.group.text4.body.div.div2.sp2.l.w3
Latina,estlocus4,"Cecropia doctus lingua doctusque Latina,",urn:cts:croala:marulic-m.carmina.croala-lat.loci:text.group.text8.body.div.div6.div1.l5.w5
Latinam,estlocus4,"Nuper petenti tibi ut Francisci Petrarchę, inter Thuscos poetas facundissimi, de
                  beata Maria matre semper uirgine cantilenam suo uernaculo sermone compositam
                  Latinam facerem, negare non potui, licet enim partim ingenii eruditionisque meę
                  paruitas, partim ipsa uertendi difficultas ab eo me non parum dehortarentur. Sunt
                  quippe linguarum proprietates quędam ita natura comparatę ut multa quę in alio
                  idiomate apte, apposite lepideque dicuntur in aliud conuersa degenerare uideantur
                  atque deficere.",urn:cts:croala:marulic-m.carmina.croala-lat.loci:text.group.text9.body.div.div1.div1.p1.w22
Latinski,estlocus0,"Marko Marulić, Latinski stihovi",urn:cts:croala:marulic-m.carmina.croala-lat.loci:text.front.docTitle.titlePart.w3
Latium,estlocus4,"Ad Ioannem Asclepianum poetam de eius Ariminea in qua Robertum Ariminensium
                ducem Latium Achillem appellat",urn:cts:croala:marulic-m.carmina.croala-lat.loci:text.group.text3.body.div.div1.head.w13
Latium,estlocus1,"Nam Latium linquens Syrię deserta petisti,",urn:cts:croala:marulic-m.carmina.croala-lat.loci:text.group.text8.body.div.div6.div1.l23.w2
Latiumque,estlocus4,Pyerios cantus Latiumque sonantia plectra,urn:cts:croala:marulic-m.carmina.croala-lat.loci:text.group.text3.body.div.div1.l1.w3
Leo,estlocus0,"»Tu decimus posthac, tu Leo dictus eris!",urn:cts:croala:marulic-m.carmina.croala-lat.loci:text.group.text4.body.div.div3.sp.l1.w5
Leo,estlocus0,Successit Medicę Leo proles inclyta gentis,urn:cts:croala:marulic-m.carmina.croala-lat.loci:text.group.text4.body.div.div4.l7.w3
Leonardi,estlocus0,"Epitaphium Leonardi Lauredani, inclyti Venetorum principis",urn:cts:croala:marulic-m.carmina.croala-lat.loci:text.group.text6.body.div.div19.head.w2
Leonardi,estlocus0,"Hic sunt ossa ducis Leonardi condita, cuius",urn:cts:croala:marulic-m.carmina.croala-lat.loci:text.group.text6.body.div.div19.l1.w5
Leonardi,estlocus0,"Hic tumulata iacent Leonardi principis ossa,",urn:cts:croala:marulic-m.carmina.croala-lat.loci:text.group.text6.body.div.div20.l1.w4
Leone,estlocus0,De Leone X. Pontifice Maximo Florentino de Medicum familia,urn:cts:croala:marulic-m.carmina.croala-lat.loci:text.group.text4.body.div.div3.head.w2
Leone,estlocus0,Pro sanctissimo patre Leone X. Pontifice Maximo oratio,urn:cts:croala:marulic-m.carmina.croala-lat.loci:text.group.text4.body.div.div5.head.w4
Leonem,estlocus0,In Medicem Leonem X. Pontificem Maximum,urn:cts:croala:marulic-m.carmina.croala-lat.loci:text.group.text4.body.div.div4.head.w3
Leoni,estlocus0,"Pontifici da, Christe, tuo quę posco Leoni:",urn:cts:croala:marulic-m.carmina.croala-lat.loci:text.group.text4.body.div.div5.l1.w7
Leoni,estlocus0,"Talia si dederis, non soli, Christe, Leoni,",urn:cts:croala:marulic-m.carmina.croala-lat.loci:text.group.text4.body.div.div5.l13.w7
Luna,estlocus0,Blanda quiescenti basia Luna dabat?,urn:cts:croala:marulic-m.carmina.croala-lat.loci:text.group.text7.body.div.div4.l18.w4
Lybici,estlocus2,Et quot sunt Lybici maris lapilli,urn:cts:croala:marulic-m.carmina.croala-lat.loci:text.group.text5.body.div.div14.l6.w4
Lycaon,estlocus0,"Haud docuit feritas sic te sęuire, Lycaon:",urn:cts:croala:marulic-m.carmina.croala-lat.loci:text.group.text1.body.div.div2.l1.w7
Lycaone,estlocus0,De Lycaone in lupum,urn:cts:croala:marulic-m.carmina.croala-lat.loci:text.group.text1.body.div.div2.head.w2
Lycaonis,estlocus0,"Calisto, Lycaonis filia",urn:cts:croala:marulic-m.carmina.croala-lat.loci:text.group.text1.body.div.div11.head.w2
Lycaonię,estlocus1,Rura Lycaonię celeri percurrere gressu,urn:cts:croala:marulic-m.carmina.croala-lat.loci:text.group.text8.body.div.div5.div4.l5.w2
Lycio,estlocus4,Et solues Lycio debita uota deo;,urn:cts:croala:marulic-m.carmina.croala-lat.loci:text.group.text3.body.div.div5.l4.w3
Lyddam,estlocus1,Hinc Lyddam ueniens Aeneam curat hiantem,urn:cts:croala:marulic-m.carmina.croala-lat.loci:text.group.text8.body.div.div5.div1.l19.w2
Lystris,estlocus1,"Cumque forent Lystris, ingentibus omnia factis",urn:cts:croala:marulic-m.carmina.croala-lat.loci:text.group.text8.body.div.div5.div13.l9.w3
Macedum,estlocus3,In Macedum campos sparsit et Ęthiopum.,urn:cts:croala:marulic-m.carmina.croala-lat.loci:text.group.text8.body.div.div5.div8.l4.w2
Martiniacum,estlocus0,Ad Franciscum Martiniacum,urn:cts:croala:marulic-m.carmina.croala-lat.loci:text.group.text3.body.div.div3.head.add.w3
Martiniacum,estlocus0,Ad Hieronymum Martiniacum,urn:cts:croala:marulic-m.carmina.croala-lat.loci:text.group.text3.body.div.div4.head.add.w3
Martiniacum,estlocus0,Ad Franciscum Martiniacum quod senectus non annis sed ualetudine conferenda est,urn:cts:croala:marulic-m.carmina.croala-lat.loci:text.group.text7.body.div.div5.head.w3
Martis,estlocus0,Horrida sanguinei canerem nunc pręlia Martis,urn:cts:croala:marulic-m.carmina.croala-lat.loci:text.group.text3.body.div.div15.l3.w6
Martis,estlocus0,Illo autore feri tollantur pręlia Martis,urn:cts:croala:marulic-m.carmina.croala-lat.loci:text.group.text4.body.div.div5.l7.w6
Martis,estlocus0,Illo autore feri tollantur pręlia Martis,urn:cts:croala:marulic-m.carmina.croala-lat.loci:text.group.text4.body.div.div6.l7.w6
Martis,estlocus0,Inter se Martis dum fera bella cient.,urn:cts:croala:marulic-m.carmina.croala-lat.loci:text.group.text4.body.div.div8.l6.w3
Martis,estlocus0,"Solari interea Martis, Francisce, maligni",urn:cts:croala:marulic-m.carmina.croala-lat.loci:text.group.text7.body.div.div1.l53.w3
Martis,estlocus4,Ducitur ad Martis templa prophana dei.,urn:cts:croala:marulic-m.carmina.croala-lat.loci:text.group.text8.body.div.div5.div3.l4.w3
Mauors,estlocus0,Ergo Italo Mauors quę uulnera contulit orbi,urn:cts:croala:marulic-m.carmina.croala-lat.loci:text.group.text4.body.div.div4.l11.w3
Mauors,estlocus0,"Stabat marmoreo bellator corpore Mauors,",urn:cts:croala:marulic-m.carmina.croala-lat.loci:text.group.text8.body.div.div5.div3.l5.w5
Mediam,estlocus1,Thadeus in Mediam Domino mandante recedens,urn:cts:croala:marulic-m.carmina.croala-lat.loci:text.group.text8.body.div.div5.div10.l3.w3
Medicem,estlocus0,Ipse Deus Medicem clarum pietate fideque,urn:cts:croala:marulic-m.carmina.croala-lat.loci:text.group.text4.body.div.div3.l1.w3
Medicem,estlocus0,In Medicem Leonem X. Pontificem Maximum,urn:cts:croala:marulic-m.carmina.croala-lat.loci:text.group.text4.body.div.div4.head.w2
Medices,estlocus0,"Gaude igitur, Medices, tibi conuenit ampla potestas:",urn:cts:croala:marulic-m.carmina.croala-lat.loci:text.group.text4.body.div.div3.l4.w3
Medices,estlocus0,Scilicet ut Medices pręstet medicamina plagis,urn:cts:croala:marulic-m.carmina.croala-lat.loci:text.group.text4.body.div.div13.l7.w3
Medices,estlocus0,"Et tanto, o Medices, obuius ire malo,",urn:cts:croala:marulic-m.carmina.croala-lat.loci:text.group.text4.body.div.div13.l12.w4
Medici,estlocus0,Sanabit Medici cura benigna patris.,urn:cts:croala:marulic-m.carmina.croala-lat.loci:text.group.text4.body.div.div4.l12.w2
Medicum,estlocus0,De Leone X. Pontifice Maximo Florentino de Medicum familia,urn:cts:croala:marulic-m.carmina.croala-lat.loci:text.group.text4.body.div.div3.head.w8
Medicum,estlocus0,Vna domus Medicum tanto lętatur honore,urn:cts:croala:marulic-m.carmina.croala-lat.loci:text.group.text4.body.div.div13.l3.w3
Medicum,estlocus0,Est et in hoc Medicum nobis uenerabile nomen,urn:cts:croala:marulic-m.carmina.croala-lat.loci:text.group.text4.body.div.div13.l5.w5
Medicum,estlocus0,Nequaquam Medicum gens erit una satis.,urn:cts:croala:marulic-m.carmina.croala-lat.loci:text.group.text4.body.div.div13.l10.w2
Medicę,estlocus0,Successit Medicę Leo proles inclyta gentis,urn:cts:croala:marulic-m.carmina.croala-lat.loci:text.group.text4.body.div.div4.l7.w2
Metimna,estlocus1,Hoc Metimna super sydera cuncta ferat.,urn:cts:croala:marulic-m.carmina.croala-lat.loci:text.group.text3.body.div.div12.l4.w2
Mineides,estlocus0,"Mineides, Thebanę sorores",urn:cts:croala:marulic-m.carmina.croala-lat.loci:text.group.text1.body.div.div32.head.w1
Mineis,estlocus0,"Facta est Mineis, dum despicit orgia Bacchi,",urn:cts:croala:marulic-m.carmina.croala-lat.loci:text.group.text1.body.div.div32.l1.w3
Minois,estlocus0,"Thesea iuuit amor. Quem ni Minois amasset,",urn:cts:croala:marulic-m.carmina.croala-lat.loci:text.group.text1.body.div.div57.l1.w6
Mirmidonas,estlocus0,Si formica potest ędere Mirmidonas!,urn:cts:croala:marulic-m.carmina.croala-lat.loci:text.group.text1.body.div.div50.l2.w5
Mirmidones,estlocus0,Mirmidones,urn:cts:croala:marulic-m.carmina.croala-lat.loci:text.group.text1.body.div.div50.head.w
Myrrheę,estlocus1,Atque hinc Myrrheę pręsul uenerabilis urbi,urn:cts:croala:marulic-m.carmina.croala-lat.loci:text.group.text8.body.div.div4.l5.w3
Nadabar,estlocus1,Metropolis Nadabar circumdata moenibus altis,urn:cts:croala:marulic-m.carmina.croala-lat.loci:text.group.text8.body.div.div5.div8.l5.w2
Nemeę,estlocus1,"Illo autore perit Nemeę leo bellua siluę,",urn:cts:croala:marulic-m.carmina.croala-lat.loci:text.group.text2.body.div.div2.l5.w4
Nestoreos,estlocus0,"Atque »O, Nestoreos uiuito, Marce, dies!«",urn:cts:croala:marulic-m.carmina.croala-lat.loci:text.group.text5.body.div.div18.l2.w3
Nil,estlocusX,"Nil non sperandum est Andrea principe Gritto,",urn:cts:croala:marulic-m.carmina.croala-lat.loci:text.group.text4.body.div.div12.l11.w1
Nil,estlocusX,"Nil hostile timent, nec quicquam triste uerentur,",urn:cts:croala:marulic-m.carmina.croala-lat.loci:text.group.text7.body.div.div1.l69.w1
Nil,estlocusX,"Nil metuens dum uera docet, crucifigitur ergo",urn:cts:croala:marulic-m.carmina.croala-lat.loci:text.group.text8.body.div.div5.div3.l25.w1
Nil,estlocusX,Nil metuens Domini iussa sequendo sui.,urn:cts:croala:marulic-m.carmina.croala-lat.loci:text.group.text8.body.div.div5.div11.l8.w1
Notoque,estlocusX,"Ocior hic uentis, Euro, Zephiroque Notoque",urn:cts:croala:marulic-m.carmina.croala-lat.loci:text.group.text6.body.div.div27.l3.w6
Nysus,estlocus0,Pone sequens natam Nysus alietos erat.,urn:cts:croala:marulic-m.carmina.croala-lat.loci:text.group.text1.body.div.div55.l2.w4
Nysę,estlocus1,"Siue colit Nysę qui iuga celsa deus,",urn:cts:croala:marulic-m.carmina.croala-lat.loci:text.group.text3.body.div.div15.l12.w3
Occeano,estlocus4,"Occeano fluctus, frondes cur frondibus addo,",urn:cts:croala:marulic-m.carmina.croala-lat.loci:text.group.text12.body.div.div2.l37.w1
Oceanusque,estlocus4,"Oceanusque parens animantum squamigerarum,",urn:cts:croala:marulic-m.carmina.croala-lat.loci:text.group.text8.body.div.div2.l46.w1
Oechalię,estlocus1,Oechalię regno fidens Euritus – ab illo,urn:cts:croala:marulic-m.carmina.croala-lat.loci:text.group.text2.body.div.div2.l35.w1
Olympi,estlocus0,Annuet his magni magnus regnator Olympi,urn:cts:croala:marulic-m.carmina.croala-lat.loci:text.group.text4.body.div.div12.l9.w6
Olympi,estlocus0,Stelliferi nobis aditus reserabit Olympi.,urn:cts:croala:marulic-m.carmina.croala-lat.loci:text.group.text8.body.div.div2.l117.w5
Olympiadas,estlocusX,Optas me multas uiuere Olympiadas;,urn:cts:croala:marulic-m.carmina.croala-lat.loci:text.group.text7.body.div.div5.l2.w5
Olympo,estlocus0,Signifero forsan nunquam premeretur Olympo,urn:cts:croala:marulic-m.carmina.croala-lat.loci:text.group.text1.body.div.div40.l1.w5
Olympum,estlocus1,Athlas Iapetides stellarum torquet Olympum,urn:cts:croala:marulic-m.carmina.croala-lat.loci:text.group.text1.body.div.div39.l1.w5
Olympum,estlocus0,Sydereum circum curru uectatus Olympum,urn:cts:croala:marulic-m.carmina.croala-lat.loci:text.group.text8.body.div.div2.l29.w5
Olympum,estlocus0,Ergo sydereum merito conscendit Olympum,urn:cts:croala:marulic-m.carmina.croala-lat.loci:text.group.text8.body.div.div6.div2.l21.w5
Orcum,estlocus1,Corruit Orcum.,urn:cts:croala:marulic-m.carmina.croala-lat.loci:text.group.text8.body.div.div3.l24.w2
Ossa,estlocus0,"Ossa prius Romam, Treuerim translata deinde:",urn:cts:croala:marulic-m.carmina.croala-lat.loci:text.group.text8.body.div.div5.div11.l13.w1
Ossa,estlocus0,"Ossa uiri, Solymis defuncti, Roma recępit:",urn:cts:croala:marulic-m.carmina.croala-lat.loci:text.group.text8.body.div.div6.div1.l51.w1
Pade,estlocus1,"Phoetontis miseri fueramus, Pade, sorores.",urn:cts:croala:marulic-m.carmina.croala-lat.loci:text.group.text1.body.div.div9.l1.w4
Pade,estlocus1,"Nunc populi ripę, maxime Pade, tuę.",urn:cts:croala:marulic-m.carmina.croala-lat.loci:text.group.text1.body.div.div9.l2.w5
Parthenope,estlocus4,"»Ducta est Parthenope si tibi, uiue Senis!«",urn:cts:croala:marulic-m.carmina.croala-lat.loci:text.group.text11.body.div.div.sp4.l2.w3
Parthenopeius,estlocus0,"Si qua fides uatum, formosus Parthenopeius,",urn:cts:croala:marulic-m.carmina.croala-lat.loci:text.group.text4.body.div.div11.l1.w6
Parthos,estlocus4,"Aurum Sauromatas, Parthos, Tracesque Getasque",urn:cts:croala:marulic-m.carmina.croala-lat.loci:text.group.text5.body.div.div27.l5.w3
Parthos,estlocus0,Persasque et Parthos Armeniosque docet.,urn:cts:croala:marulic-m.carmina.croala-lat.loci:text.group.text8.body.div.div5.div7.l2.w3
Pathmo,estlocus1,"Exulat in Pathmo, cecinit tunc multa futura",urn:cts:croala:marulic-m.carmina.croala-lat.loci:text.group.text8.body.div.div5.div6.l9.w3
Patrarum,estlocus1,Iste necem tandem Patrarum passus in urbe,urn:cts:croala:marulic-m.carmina.croala-lat.loci:text.group.text8.body.div.div5.div2.l25.w4
Pegase,estlocus0,"Pegase, pasce tuo mea disticha fonte! Recusas?",urn:cts:croala:marulic-m.carmina.croala-lat.loci:text.group.text1.body.div.div38.l1.w1
Pegase,estlocus0,"At saltem lotio, Pegase, pasce tuo!",urn:cts:croala:marulic-m.carmina.croala-lat.loci:text.group.text1.body.div.div38.l2.w4
Pegasis,estlocus3,Deseruitque meam Pegasis unda sitim.,urn:cts:croala:marulic-m.carmina.croala-lat.loci:text.group.text7.body.div.div2.l20.w3
Pegasus,estlocus0,Pegasus equus,urn:cts:croala:marulic-m.carmina.croala-lat.loci:text.group.text1.body.div.div38.head.w1
Peneia,estlocus0,Hęc laurus quondam uirgo Peneia Daphne,urn:cts:croala:marulic-m.carmina.croala-lat.loci:text.group.text1.body.div.div4.l1.w5
Pergama,estlocus1,Non uersa in cineres uidisset Pergama si non,urn:cts:croala:marulic-m.carmina.croala-lat.loci:text.group.text7.body.div.div5.l21.w6
Persasque,estlocus0,Persasque et Parthos Armeniosque docet.,urn:cts:croala:marulic-m.carmina.croala-lat.loci:text.group.text8.body.div.div5.div7.l2.w1
Persidis,estlocus1,Illinc exactos Persidis ora tulit.,urn:cts:croala:marulic-m.carmina.croala-lat.loci:text.group.text8.body.div.div5.div8.l12.w3
Persidis,estlocus1,Persidis hinc terras peragrant cum fratre Symone,urn:cts:croala:marulic-m.carmina.croala-lat.loci:text.group.text8.body.div.div5.div10.l9.w1
Persiusque,estlocus0,"Olim Petroniusque Persiusque,",urn:cts:croala:marulic-m.carmina.croala-lat.loci:text.group.text5.body.div.div23.l2.w3
Pharensem,estlocus4,Ad Caterinum poetam Pharensem,urn:cts:croala:marulic-m.carmina.croala-lat.loci:text.group.text3.body.div.div9.head.w4
Pharos,estlocus1,Gaudeat ista quidem tua nobilis insula Pharos,urn:cts:croala:marulic-m.carmina.croala-lat.loci:text.group.text3.body.div.div9.l9.w7
Phlegetontei,estlocus2,Ad Phlegetontei stagna profunda lacus.,urn:cts:croala:marulic-m.carmina.croala-lat.loci:text.group.text6.body.div.div4.l2.w2
Phlegreę,estlocus4,"Sic, puto, Phlegreę referens certamina pugnę",urn:cts:croala:marulic-m.carmina.croala-lat.loci:text.group.text3.body.div.div1.l5.w3
Phoebe,estlocus0,"Occubui telis, Phoebe superbe, tuis.",urn:cts:croala:marulic-m.carmina.croala-lat.loci:text.group.text1.body.div.div3.l2.w3
Phoebe,estlocus0,"Phoetusa, Iapete, Phoebe",urn:cts:croala:marulic-m.carmina.croala-lat.loci:text.group.text1.body.div.div9.head.w3
Phoebe,estlocus0,"Et lętus uatem suscipe, Phoebe, nouum.",urn:cts:croala:marulic-m.carmina.croala-lat.loci:text.group.text3.body.div.div8.l2.w5
Phoebe,estlocus0,"Phoebe, sublime citharam canenti",urn:cts:croala:marulic-m.carmina.croala-lat.loci:text.group.text5.body.div.div25.l11.w1
Phoebe,estlocus0,"Qui potuit currum, Phoebe, decere tuum.",urn:cts:croala:marulic-m.carmina.croala-lat.loci:text.group.text6.body.div.div27.l2.w4
Phoebea,estlocus0,Ipsaque Phoebea uerba sonanda lyra.,urn:cts:croala:marulic-m.carmina.croala-lat.loci:text.group.text3.body.div.div16.l4.w2
Phoebea,estlocus0,Phoebea fient uera magis tripode!,urn:cts:croala:marulic-m.carmina.croala-lat.loci:text.group.text4.body.div.div8.l12.w1
Phoebeam,estlocus0,Nam tua iam redolent Phoebeam carmina laurum,urn:cts:croala:marulic-m.carmina.croala-lat.loci:text.group.text3.body.div.div4.l3.w5
Phoebei,estlocus0,"Quo tibi, parue puer, Phoebei munera currus?",urn:cts:croala:marulic-m.carmina.croala-lat.loci:text.group.text1.body.div.div8.l1.w5
Phrygię,estlocus1,Hieropoli Phrygię post hęc comprensus in urbe,urn:cts:croala:marulic-m.carmina.croala-lat.loci:text.group.text8.body.div.div5.div3.l23.w2
Pierii,estlocus4,"Vsque ad Pierii culmina, Chrance, iugi.",urn:cts:croala:marulic-m.carmina.croala-lat.loci:text.group.text3.body.div.div7.l6.w3
Pieriis,estlocus4,"Pręmia, Pieriis digna referre modis.",urn:cts:croala:marulic-m.carmina.croala-lat.loci:text.group.text12.body.div.div1.l6.w2
Pierioque,estlocus4,Vatibus antiquis Pierioque choro.,urn:cts:croala:marulic-m.carmina.croala-lat.loci:text.group.text3.body.div.div6.l8.w3
Pieris,estlocus0,Sed neque sic pranso Pieris ulla fauet.,urn:cts:croala:marulic-m.carmina.croala-lat.loci:text.group.text5.body.div.div1.l6.w5
Pisa,estlocus1,"Pisa, Fluentinę quę multo tempore genti",urn:cts:croala:marulic-m.carmina.croala-lat.loci:text.group.text4.body.div.div1.l1.w1
Pisa,estlocus1,"Huic geminum debes (nec fallor), Pisa, triumphum:",urn:cts:croala:marulic-m.carmina.croala-lat.loci:text.group.text4.body.div.div1.l17.w6
Pisas,estlocus1,"De uirtute animique pręstantia Dominici Manlipetri, Venetę classis pręfecti,
                cum Pisas obsedione liberauit iuuitque frumento",urn:cts:croala:marulic-m.carmina.croala-lat.loci:text.group.text4.body.div.div1.head.w11
Pithias,estlocus0,"Damonem Pithias qualiter ipse suum,",urn:cts:croala:marulic-m.carmina.croala-lat.loci:text.group.text3.body.div.div14.l4.w2
Ponti,estlocus1,Instruit et populos rapidi qui littora Ponti,urn:cts:croala:marulic-m.carmina.croala-lat.loci:text.group.text8.body.div.div5.div10.l7.w7
Pontifex,estlocus0,Gregorius Pontifex Maximus,urn:cts:croala:marulic-m.carmina.croala-lat.loci:text.group.text8.body.div.div6.div4.head.w2
Pontifice,estlocus0,De Leone X. Pontifice Maximo Florentino de Medicum familia,urn:cts:croala:marulic-m.carmina.croala-lat.loci:text.group.text4.body.div.div3.head.w4
Pontifice,estlocus0,Pro sanctissimo patre Leone X. Pontifice Maximo oratio,urn:cts:croala:marulic-m.carmina.croala-lat.loci:text.group.text4.body.div.div5.head.w6
Pontifice,estlocus0,Pro Adriano VI. Pontifice Maximo ad Christum oratio,urn:cts:croala:marulic-m.carmina.croala-lat.loci:text.group.text4.body.div.div6.head.w4
Pontificem,estlocus0,In Medicem Leonem X. Pontificem Maximum,urn:cts:croala:marulic-m.carmina.croala-lat.loci:text.group.text4.body.div.div4.head.w5
Pontificem,estlocus0,Ad Clementem VII. Pontificem Maximum,urn:cts:croala:marulic-m.carmina.croala-lat.loci:text.group.text4.body.div.div13.head.w4
Pontifices,estlocus0,Pontifices magnos modico discrimine binos,urn:cts:croala:marulic-m.carmina.croala-lat.loci:text.group.text4.body.div.div13.l1.w1
Pontifici,estlocus0,"Pontifici da, Christe, tuo quę posco Leoni:",urn:cts:croala:marulic-m.carmina.croala-lat.loci:text.group.text4.body.div.div5.l1.w1
Pontifici,estlocus0,"Pontifici da, Christe, tuo quę posco Adriano:",urn:cts:croala:marulic-m.carmina.croala-lat.loci:text.group.text4.body.div.div6.l1.w1
Pontificis,estlocus0,Pontificis fungi cogitur officio.,urn:cts:croala:marulic-m.carmina.croala-lat.loci:text.group.text8.body.div.div6.div2.l10.w1
Pyreneus,estlocus0,Pyreneus e turri pręcipitatus,urn:cts:croala:marulic-m.carmina.croala-lat.loci:text.group.text1.body.div.div46.head.w1
Rhodope,estlocus3,"Cantibus Orphei Rhodope lętetur et Hemus,",urn:cts:croala:marulic-m.carmina.croala-lat.loci:text.group.text3.body.div.div12.l1.w3
Roma,estlocus1,"Cur sint, Roma, tuis tectis pręlata superbis,",urn:cts:croala:marulic-m.carmina.croala-lat.loci:text.group.text8.body.div.div6.div1.l27.w3
Roma,estlocus1,"Ossa uiri, Solymis defuncti, Roma recępit:",urn:cts:croala:marulic-m.carmina.croala-lat.loci:text.group.text8.body.div.div6.div1.l51.w5
Romam,estlocus1,Perrexit Romam magiaque dolisque Symonem,urn:cts:croala:marulic-m.carmina.croala-lat.loci:text.group.text8.body.div.div5.div1.l29.w2
Romam,estlocus1,Ex Epheso Romam tractus feruente nequiuit,urn:cts:croala:marulic-m.carmina.croala-lat.loci:text.group.text8.body.div.div5.div6.l7.w3
Romam,estlocus1,"Ossa prius Romam, Treuerim translata deinde:",urn:cts:croala:marulic-m.carmina.croala-lat.loci:text.group.text8.body.div.div5.div11.l13.w3
Romam,estlocus1,Ecclesię Romam pręstitit esse caput.,urn:cts:croala:marulic-m.carmina.croala-lat.loci:text.group.text8.body.div.div6.div1.l54.w2
Romano,estlocus4,Sunt quoque qui dicant Romano more securi,urn:cts:croala:marulic-m.carmina.croala-lat.loci:text.group.text8.body.div.div5.div11.l11.w5
Salaminis,estlocus1,Post hęc Barnabas Cypri docet et Salaminis,urn:cts:croala:marulic-m.carmina.croala-lat.loci:text.group.text8.body.div.div5.div13.l25.w7
Salaminę,estlocus1,Hunc Salaminę gens tandem impia Iudeorum,urn:cts:croala:marulic-m.carmina.croala-lat.loci:text.group.text8.body.div.div5.div13.l29.w2
Salmacis,estlocusX,Salmacis et Hermaphroditus,urn:cts:croala:marulic-m.carmina.croala-lat.loci:text.group.text1.body.div.div31.head.w1
Salmacis,estlocus0,"Dum fuit ignotus tibi, Salmacis, Hermaphroditus,",urn:cts:croala:marulic-m.carmina.croala-lat.loci:text.group.text1.body.div.div31.l1.w5
Samaritanis,estlocus4,Et Samaritanis Christum simul et Solymitis,urn:cts:croala:marulic-m.carmina.croala-lat.loci:text.group.text8.body.div.div5.div5.l3.w2
Samnitum,estlocus4,Et qua contentus Samnitum sperneret aurum,urn:cts:croala:marulic-m.carmina.croala-lat.loci:text.group.text7.body.div.div1.l27.w4
Sauromatas,estlocus4,"Aurum Sauromatas, Parthos, Tracesque Getasque",urn:cts:croala:marulic-m.carmina.croala-lat.loci:text.group.text5.body.div.div27.l5.w2
Scylla,estlocus0,Scylla,urn:cts:croala:marulic-m.carmina.croala-lat.loci:text.group.text1.body.div.div54.head.w
Scylla,estlocus0,"Occidit Androgeus, pugnatur. Scylla capilli",urn:cts:croala:marulic-m.carmina.croala-lat.loci:text.group.text1.body.div.div54.l1.w4
Scylla,estlocus0,Scylla,urn:cts:croala:marulic-m.carmina.croala-lat.loci:text.group.text1.body.div.div55.head.w
Scylla,estlocus0,Scylla patrem fugiens fugiebat plumea Cyris.,urn:cts:croala:marulic-m.carmina.croala-lat.loci:text.group.text1.body.div.div55.l1.w1
Scythica,estlocus2,Audax in Scythica docuit regione Philippus,urn:cts:croala:marulic-m.carmina.croala-lat.loci:text.group.text8.body.div.div5.div3.l1.w3
Senarię,estlocus1,"At postquam est urbis Senarię ad moenia uentum,",urn:cts:croala:marulic-m.carmina.croala-lat.loci:text.group.text8.body.div.div5.div10.l15.w5
Siculo,estlocus4,Ędis iam Siculo carmina digna sene.,urn:cts:croala:marulic-m.carmina.croala-lat.loci:text.group.text3.body.div.div3.l6.w3
Sithonia,estlocus4,Sithonia fueras albior ipse niue.,urn:cts:croala:marulic-m.carmina.croala-lat.loci:text.group.text1.body.div.div13.l2.w1
Sithonia,estlocus4,Hęc patriam pretio Sithonia uendidit Arne:,urn:cts:croala:marulic-m.carmina.croala-lat.loci:text.group.text1.body.div.div49.l1.w4
Solymas,estlocus1,Ipse sed eiectus Solymas post terga reliquit,urn:cts:croala:marulic-m.carmina.croala-lat.loci:text.group.text8.body.div.div5.div1.l11.w4
Solymis,estlocus1,"Ossa uiri, Solymis defuncti, Roma recępit:",urn:cts:croala:marulic-m.carmina.croala-lat.loci:text.group.text8.body.div.div6.div1.l51.w3
Solymis,estlocus1,Christus nanque mori Solymis elegit et idem,urn:cts:croala:marulic-m.carmina.croala-lat.loci:text.group.text8.body.div.div6.div1.l53.w4
Solymitis,estlocus4,Et Samaritanis Christum simul et Solymitis,urn:cts:croala:marulic-m.carmina.croala-lat.loci:text.group.text8.body.div.div5.div5.l3.w6
Spalatensem,estlocus4,"In Dominum Bartholomeum Aueroldum, episcopum Spalatensem",urn:cts:croala:marulic-m.carmina.croala-lat.loci:text.group.text5.body.div.div22.head.w6
Spalatenses,estlocus4,Ad nobiles Spalatenses,urn:cts:croala:marulic-m.carmina.croala-lat.loci:text.group.text6.body.div.div5.head.w3
Spalatensi,estlocus2,Nam modo qui fueras Spalatensi solus in urbe,urn:cts:croala:marulic-m.carmina.croala-lat.loci:text.group.text12.body.div.div1.l33.w5
Spalatensis,estlocus4,Epitaphium Luxę de Bilsa Spalatensis,urn:cts:croala:marulic-m.carmina.croala-lat.loci:text.group.text6.body.div.div21.head.w5
Spalatensis,estlocus4,Epitaphium Hieronymi de Lucaris Spalatensis,urn:cts:croala:marulic-m.carmina.croala-lat.loci:text.group.text6.body.div.div23.head.w5
Spalatensis,estlocus4,"In natalitio Sancti Raynerii archiepiscopi Spalatensis pro iure ecclesię tuendo
                interempti martyrioque coronati hymnus",urn:cts:croala:marulic-m.carmina.croala-lat.loci:text.group.text8.body.div.div3.head.w6
Spalati,estlocus1,Domino Ioanni Baptistę de Molino Spalati prętori bene merito,urn:cts:croala:marulic-m.carmina.croala-lat.loci:text.group.text4.body.div.div9.head.w6
Spalatina,estlocus4,"Gaudeat felix Spalatina plebes,",urn:cts:croala:marulic-m.carmina.croala-lat.loci:text.group.text8.body.div.div3.l13.w3
Spalatinę,estlocus4,Gloria non leuior Spalatinę contigit urbi:,urn:cts:croala:marulic-m.carmina.croala-lat.loci:text.group.text3.body.div.div12.l5.w4
Stymphalidas,estlocus4,"Stymphalidas domat arcus aues tinnitus et ęris,",urn:cts:croala:marulic-m.carmina.croala-lat.loci:text.group.text2.body.div.div2.l9.w1
Tartara,estlocus1,Diffindens terras Tartara et ima ciens.,urn:cts:croala:marulic-m.carmina.croala-lat.loci:text.group.text8.body.div.div1.sp14.l36.w3
Tempe,estlocus1,Hęc illis iocunda domus: non Tempe lacusque,urn:cts:croala:marulic-m.carmina.croala-lat.loci:text.group.text5.body.div.div4.l5.w6
Thalia,estlocus0,"Et recinet dulci nostra Thalia sono,",urn:cts:croala:marulic-m.carmina.croala-lat.loci:text.group.text5.body.div.div24.l10.w5
Thalia,estlocus0,Hactenus hęc. Ipsos nunc nostra Thalia salutat,urn:cts:croala:marulic-m.carmina.croala-lat.loci:text.group.text7.body.div.div1.l81.w6
Tharso,estlocus1,Hic collega datus Paulo fuit urbeque Tharso,urn:cts:croala:marulic-m.carmina.croala-lat.loci:text.group.text8.body.div.div5.div13.l3.w7
Thebanę,estlocus4,"Mineides, Thebanę sorores",urn:cts:croala:marulic-m.carmina.croala-lat.loci:text.group.text1.body.div.div32.head.w2
Thebe,estlocus1,Thebe Amphioniam laudet ametque lyram;,urn:cts:croala:marulic-m.carmina.croala-lat.loci:text.group.text3.body.div.div12.l2.w1
Thebeę,estlocus2,Nobile Thebeę surgat ut urbis opus.,urn:cts:croala:marulic-m.carmina.croala-lat.loci:text.group.text1.body.div.div19.l2.w2
Threicio,estlocus4,"Tam cito Threicio cornu uolat acta sagitta,",urn:cts:croala:marulic-m.carmina.croala-lat.loci:text.group.text9.body.div.div1.div2.l105.w3
Thuscos,estlocus4,"Nuper petenti tibi ut Francisci Petrarchę, inter Thuscos poetas facundissimi, de
                  beata Maria matre semper uirgine cantilenam suo uernaculo sermone compositam
                  Latinam facerem, negare non potui, licet enim partim ingenii eruditionisque meę
                  paruitas, partim ipsa uertendi difficultas ab eo me non parum dehortarentur. Sunt
                  quippe linguarum proprietates quędam ita natura comparatę ut multa quę in alio
                  idiomate apte, apposite lepideque dicuntur in aliud conuersa degenerare uideantur
                  atque deficere.",urn:cts:croala:marulic-m.carmina.croala-lat.loci:text.group.text9.body.div.div1.div1.p1.w8
Tiberinę,estlocus2,Ast mecum est pręsul Tiberinę Iulius urbis.,urn:cts:croala:marulic-m.carmina.croala-lat.loci:text.group.text4.body.div.div2.sp6.l.w5
Titania,estlocus0,"Tu dabis ęternas, proles Titania, poenas:",urn:cts:croala:marulic-m.carmina.croala-lat.loci:text.group.text1.body.div.div1.l1.w5
Tracesque,estlocus4,"Aurum Sauromatas, Parthos, Tracesque Getasque",urn:cts:croala:marulic-m.carmina.croala-lat.loci:text.group.text5.body.div.div27.l5.w4
Tragurinę,estlocus2,Supra portam urbis Tragurinę,urn:cts:croala:marulic-m.carmina.croala-lat.loci:text.group.text2.body.div.div5.head.w4
Treuerim,estlocus1,"Ossa prius Romam, Treuerim translata deinde:",urn:cts:croala:marulic-m.carmina.croala-lat.loci:text.group.text8.body.div.div5.div11.l13.w4
Troas,estlocus4,"Qui profugos Troas, qui canit arma uirum.",urn:cts:croala:marulic-m.carmina.croala-lat.loci:text.group.text3.body.div.div3.l10.w3
Turcarum,estlocus4,Turcarum ut ualidas frangere possit opes.,urn:cts:croala:marulic-m.carmina.croala-lat.loci:text.group.text4.body.div.div13.l14.w1
Turcarum,estlocus4,Hic iacet insidiis Turcarum uictus et astu:,urn:cts:croala:marulic-m.carmina.croala-lat.loci:text.group.text6.body.div.div15.l3.w4
Turcarum,estlocusX*,Turcarum rigido fugare Marte.,urn:cts:croala:marulic-m.carmina.croala-lat.loci:text.group.text6.body.div.div16.l3.w1
Turcarum,estlocus4,"Epitaphium Ottomani, Turcarum imperatoris",urn:cts:croala:marulic-m.carmina.croala-lat.loci:text.group.text6.body.div.div18.head.w3
Turchicus,estlocus4,"Egredere e muris, nihil est nisi Turchicus horror,",urn:cts:croala:marulic-m.carmina.croala-lat.loci:text.group.text12.body.div.div1.l41.w7
Tygris,estlocus1,"Cuius sensit Arar, cuius certamina Tygris,",urn:cts:croala:marulic-m.carmina.croala-lat.loci:text.group.text6.body.div.div18.l1.w6
Tygris,estlocus1,Tygris et Euphratis quę cohibetur aquis.,urn:cts:croala:marulic-m.carmina.croala-lat.loci:text.group.text8.body.div.div5.div10.l6.w1
Tyrio,estlocus4,"Possidet hanc Tyrio uelatus Luxus amictu,",urn:cts:croala:marulic-m.carmina.croala-lat.loci:text.group.text6.body.div.div4.l3.w3
Valle,estlocus2,Francisco Natali Marci Maruli in Valle surda commorantis responsio,urn:cts:croala:marulic-m.carmina.croala-lat.loci:text.group.text7.body.div.div1.head.w6
Valle,estlocus2,[1.] Franciscus Natalis Marco Marulo in Valle Surda commoranti,urn:cts:croala:marulic-m.carmina.croala-lat.loci:text.group.text12.body.div.div1.head.w7
Veneti,estlocus4,Nam Veneti imperii summa est in sede locatus,urn:cts:croala:marulic-m.carmina.croala-lat.loci:text.group.text4.body.div.div11.l13.w2
Venetis,estlocus4,"Huic fidis, Venetis qui dedit ipse togam?",urn:cts:croala:marulic-m.carmina.croala-lat.loci:text.group.text4.body.div.div2.sp7.l.w3
Venetis,estlocus4,Spirabit faciles Venetis pater Eolus auras,urn:cts:croala:marulic-m.carmina.croala-lat.loci:text.group.text4.body.div.div12.l1.w3
Venetorum,estlocus4,"Ad inclytum uirum Andream Grittum Venetorum principem bene meritum nuperrime
                creatum",urn:cts:croala:marulic-m.carmina.croala-lat.loci:text.group.text4.body.div.div10.head.w6
Venetorum,estlocus4,Quod omnia prospera sperare liceat Andrea Gritto Venetorum principe,urn:cts:croala:marulic-m.carmina.croala-lat.loci:text.group.text4.body.div.div12.head.w8
Venetorum,estlocus4,"Epitaphium Leonardi Lauredani, inclyti Venetorum principis",urn:cts:croala:marulic-m.carmina.croala-lat.loci:text.group.text6.body.div.div19.head.w5
Venetos,estlocus4,"Vade, sed in Venetos arma mouere caue.",urn:cts:croala:marulic-m.carmina.croala-lat.loci:text.group.text4.body.div.div2.sp3.l.w4
Venetum,estlocus4,Gaude! Nam Venetum tibi parta potentibus armis,urn:cts:croala:marulic-m.carmina.croala-lat.loci:text.group.text4.body.div.div1.l3.w3
Venetum,estlocus4,Et Venetum domitus uiribus orbis erit.,urn:cts:croala:marulic-m.carmina.croala-lat.loci:text.group.text4.body.div.div12.l8.w2
Venetę,estlocus1,"De uirtute animique pręstantia Dominici Manlipetri, Venetę classis pręfecti,
                cum Pisas obsedione liberauit iuuitque frumento",urn:cts:croala:marulic-m.carmina.croala-lat.loci:text.group.text4.body.div.div1.head.w7
Venetę,estlocus4,Vt pręsis Venetę prospiciasque rei.,urn:cts:croala:marulic-m.carmina.croala-lat.loci:text.group.text4.body.div.div10.l4.w3
Vulcanum,estlocus0,At tu Vulcanum pete Neptunumque madentem,urn:cts:croala:marulic-m.carmina.croala-lat.loci:text.group.text5.body.div.div4.l7.w3
Ęgeus,estlocus0,Ęgeus: errori crimen inesse solet.,urn:cts:croala:marulic-m.carmina.croala-lat.loci:text.group.text1.body.div.div47.l2.w1
Ęthiopes,estlocus0,"Ęthiopes cignos, nanos uocat Ila Cyclopas.",urn:cts:croala:marulic-m.carmina.croala-lat.loci:text.group.text5.body.div.div7.l1.w1
Ęthiopum,estlocus3,In Macedum campos sparsit et Ęthiopum.,urn:cts:croala:marulic-m.carmina.croala-lat.loci:text.group.text8.body.div.div5.div8.l4.w6
