estLocus,Nomen,Textus,URN
estlocus0,AGLAIA,IACOBI BONI RACVSAEI SVB FIGVRA HERCVLIS CHRISTI PRAELVDIVM DEDICATVM LEONI X PONT. MAX. LIBER PRIMVS : AGLAIA,bunic02.croala1761880.croala-lat2w:body.div1.head.w14
estlocus1,Abyla,"Limina , in Hispanam Calpen qua surgit Abyla",bunic02.croala1761880.croala-lat2w:body.div1.l157.w7
estlocus4,Acheloe,"Seu fontes , Acheloe , tuos , si conspicit arma",bunic02.croala1761880.croala-lat2w:body.div3.l122.w3
estlocus4,Achelous,Et flauus Tybris cornuque Achelous adempto,bunic02.croala1761880.croala-lat2w:body.div1.l221.w5
estlocus1,Acheronque,Bellides implerunt Acheronque obmutuit undis .,bunic02.croala1761880.croala-lat2w:body.div2.l104.w3
estlocus1,Acheronta,Aera per tenuem praeceps Acheronta sub imum,bunic02.croala1761880.croala-lat2w:body.div3.l111.w5
estlocus1,Acheronte,Et quanquam sese quod saeuo Acheronte manebat,bunic02.croala1761880.croala-lat2w:body.div1.l253.w6
estlocus1,Acheronte,"Pressa Acheronte truci , quae proelia uoce cieret",bunic02.croala1761880.croala-lat2w:body.div2.l188.w2
estlocus1,Acheronte,Impius ex atro sontes Acheronte satelles,bunic02.croala1761880.croala-lat2w:body.div3.l25.w5
estlocus1,Acherontis,Acherontis ad amnes,bunic02.croala1761880.croala-lat2w:body.div1.l61.app.rdg1.w1
estlocus1,Acherontis,Sed si uictorem spoliis Acherontis iniqui,bunic02.croala1761880.croala-lat2w:body.div2.l63.w5
estlocus1,Acherontis,Dictaei fratres saeuas Acherontis habenas,bunic02.croala1761880.croala-lat2w:body.div3.l43.w4
estlocus1,Acherontis,Mille deos Acherontis agit . Hinc arduus instat,bunic02.croala1761880.croala-lat2w:body.div3.l76.w3
estlocus1,Acherontis,Herculis aufugit moestas Acherontis in aedes .,bunic02.croala1761880.croala-lat2w:body.div3.l160.w4
estlocus1,Acherontis,"Pallentes Acherontis aquae , silet igneus amnis",bunic02.croala1761880.croala-lat2w:body.div3.l204.w2
estlocus1,Acheruntis,Acheruntis ad amnes,bunic02.croala1761880.croala-lat2w:body.div1.l61.app.rdg2.w1
estlocus1,Acheruntis,Acheruntis ad amnem,bunic02.croala1761880.croala-lat2w:body.div1.l61.app.rdg3.w1
estlocus0,Actei,"Limnoria , Actei Cymodoceque",bunic02.croala1761880.croala-lat2w:body.div1.l166.app.rdg2.w2
estlocus0,Acteique,"Liminoriaque , Acteique , Spioque ,",bunic02.croala1761880.croala-lat2w:body.div1.l166.app.rdg1.w2
estlocus0,Admeti,Coniugis Admeti furuis e sedibus Orci,bunic02.croala1761880.croala-lat2w:body.div3.l344.w2
estlocus0,Aeacus,"Aeacus Europae gentes , Rhadamantus Eoas",bunic02.croala1761880.croala-lat2w:body.div3.l46.w1
estlocus0,Aegaeone,"Aegaeone manus , linguisque sonantibus instat",bunic02.croala1761880.croala-lat2w:body.div1.l37.w1
estlocus0,Aeolias,Nil timet Aeolias hyemes aestumque minacis,bunic02.croala1761880.croala-lat2w:body.div2.l203.w3
estlocus0,Aeolides,Tractus et Aeolides dura cum caute rotaque,bunic02.croala1761880.croala-lat2w:body.div2.l102.w3
estlocus0,Aeoliis,Dicas Aeoliis fluctus eferuere uentis,bunic02.croala1761880.croala-lat2w:body.div2.l31.w2
estlocus0,Aethere,Aethere caelitibus praedixerat unius aluo,bunic02.croala1761880.croala-lat2w:body.div3.l152.w1
estlocus0,Aetherii,"Aetherii , diuos summo formauit Olympo .",bunic02.croala1761880.croala-lat2w:body.div3.l86.w1
estlocus0,Aetherios,"Aetherios illi cultus benefacta dedere ,",bunic02.croala1761880.croala-lat2w:back.app.rdg1.div.l5.w1
estlocus0,Aethiopas,Aethiopas duplices axemque uidebat utrumque .,bunic02.croala1761880.croala-lat2w:body.div3.l296.w1
estlocus1,Aethiopum,Regna per Aethiopum . - - - Postquam genitoris adiuit,bunic02.croala1761880.croala-lat2w:body.div1.l275.w3
estlocus1,Aetnae,Inarimes quique Enceladum subiecimus Aetnae,bunic02.croala1761880.croala-lat2w:body.div2.l232.w5
estlocus1,Aetnaeis,"Taenara et Aetnaeis torrens Vulcanus ab antris ,",bunic02.croala1761880.croala-lat2w:body.div3.l129.w3
estlocus1,Aetnam,Pluto gerat uetitisque petat procursibus Aetnam .,bunic02.croala1761880.croala-lat2w:body.div2.l200.w6
estlocus1,Aetnam,"Si super undantem flammis ardentibus Aetnam ,",bunic02.croala1761880.croala-lat2w:body.div3.l261.w6
estlocus0,Aidonei,Tanta tridentiferi facies erat Aidonei .,bunic02.croala1761880.croala-lat2w:body.div3.l198.w5
estlocus0,Albionas,"Deiicis , euertis Troiam , tu Albionas imbre",bunic02.croala1761880.croala-lat2w:body.div3.l338.w5
estlocus0,Alcidae,"Non bene in Alcidae consultae damna fuistis.,Napaeae!",bunic02.croala1761880.croala-lat2w:body.div1.l139.w4
estlocus0,Alcidae,"Alcidae magni , Diti quoque cognita summi",bunic02.croala1761880.croala-lat2w:body.div3.l150.w1
estlocus0,Alcidae,"Insuper Alcidae tantoque absistite monstro ,",bunic02.croala1761880.croala-lat2w:body.div3.l257.w2
estlocus0,Alcide,"Alcide , neque te frater neque Thracius Orpheus",bunic02.croala1761880.croala-lat2w:body.div1.l109.w1
estlocus0,Alcide,"Alcide , qui cuncta domas quae mundus ubique",bunic02.croala1761880.croala-lat2w:body.div2.l269.w1
estlocus0,Alciden,"Ructat in Alciden , en quas globus exerit alas !",bunic02.croala1761880.croala-lat2w:body.div3.l65.w3
estlocus0,Alciden,"Astitit Alciden propius , riget horrida tortis",bunic02.croala1761880.croala-lat2w:body.div3.l116.w2
estlocus0,Alcides,Cur deus Alcides ualida domat omnia claua ?,bunic02.croala1761880.croala-lat2w:front.app1.rdg1.div.l5.w3
estlocus0,Alcides,Hac chaos Alcides nigra formidine mersum,bunic02.croala1761880.croala-lat2w:body.div1.l25.w3
estlocus0,Alcides,Hic subito Alcides nodoso robore circum,bunic02.croala1761880.croala-lat2w:body.div1.l58.w3
estlocus0,Alcides,"Alcides tenuit uestigia pressa parumper ,",bunic02.croala1761880.croala-lat2w:body.div1.l73.w1
estlocus0,Alcides,"Alcides ait:atait.""Ah, male amantia numina nymphae ,",bunic02.croala1761880.croala-lat2w:body.div1.l137.w1
estlocus0,Alcides,Alcides imo suspiria corde trahebat,bunic02.croala1761880.croala-lat2w:body.div1.l249.w1
estlocus0,Alcides,"Iuppiter Alcides , Saturnia regna redirent .",bunic02.croala1761880.croala-lat2w:body.div2.l62.w2
estlocus0,Alcides,Proripit Alcides Stygiae se ad stagna paludis .,bunic02.croala1761880.croala-lat2w:body.div2.l71.w2
estlocus0,Alcides,"Alcides postquam ripa ulteriore potitus ,",bunic02.croala1761880.croala-lat2w:body.div2.l137.w1
estlocus0,Alcides,Indomitus stetit Alcides formidinis expers,bunic02.croala1761880.croala-lat2w:body.div2.l159.w3
estlocus0,Alcides,"Iam penes Alcides aderat , iam terga premebat",bunic02.croala1761880.croala-lat2w:body.div2.l174.w3
estlocus0,Alcides,At non Alcides ullis perterrita monstris,bunic02.croala1761880.croala-lat2w:body.div2.l201.w3
estlocus0,Alcides,""" O Phlegyda "" , Alcides inquit , "" quid tanta gerat uis ? """,bunic02.croala1761880.croala-lat2w:body.div3.l66.w3
estlocus0,Alcides,Haec ait . Alcides iam dudum inuadere pugnam,bunic02.croala1761880.croala-lat2w:body.div3.l219.w3
estlocus0,Alcides,Alcides multa pollens ui et Palladis arte,bunic02.croala1761880.croala-lat2w:body.div3.l238.w1
estlocus0,Alcides,Quum uero Alcides iucundas luminis oras,bunic02.croala1761880.croala-lat2w:body.div3.l283.w3
estlocus0,Alcides,"Alcides , in quo uirtus tua sancta refulsit .",bunic02.croala1761880.croala-lat2w:body.div3.l291.w1
estlocus0,Alcides,Tum deus Alcides ob durum iter atque laborem,bunic02.croala1761880.croala-lat2w:body.div3.l297.w3
estlocus0,Alcides,Viribus Alcides superas educit ad auras,bunic02.croala1761880.croala-lat2w:back.app.rdg1.div.l1.w2
estlocus0,Alcmenae,Et uidet Alcmenae et Iouis omnipotentis alumnum,bunic02.croala1761880.croala-lat2w:body.div3.l141.w3
estlocus0,Alecto,"Peruigil Alecto semper custodit , at illas",bunic02.croala1761880.croala-lat2w:body.div2.l316.w2
estlocus0,Alma,Alma quibus uehitur diuum Berecynthia mater .,bunic02.croala1761880.croala-lat2w:body.div1.l289.w1
estlocus0,Alme,""" Alme pater mundi , solio qui promis ab alto",bunic02.croala1761880.croala-lat2w:body.div3.l286.w1
estlocus1,Alpinis,"Alpinis extracta iugis , ac plaustra rotatirotato",bunic02.croala1761880.croala-lat2w:body.div1.l185.w1
estlocus0,Amatis,"Atque Thoi atque Amatis atque aurea Gallianira ,",bunic02.croala1761880.croala-lat2w:body.div1.l169.w4
estlocus0,Amazonas,Gessit et inuictis spoliauit Amazonas armis .,bunic02.croala1761880.croala-lat2w:body.div2.l295.w5
estlocus0,Ambrosiasque,"Ambrosiasque dapes , uitreo subtum carcere clausum ,",bunic02.croala1761880.croala-lat2w:body.div1.l202.w1
estlocus0,Amphionis,"Obtestor Phoebi et Dircaei Amphionis urbem ,",bunic02.croala1761880.croala-lat2w:body.div2.l47.w5
estlocus0,Amphitoique,"Amphitoique comis in candida colla solutis ,",bunic02.croala1761880.croala-lat2w:body.div1.l165.w1
estlocus0,Amphitrite,Omnia multiparens complectituramplectitur Amphitrite,bunic02.croala1761880.croala-lat2w:body.div1.l238.w3
estlocus0,Amphitryoniadae,Amphitryoniadae pro munere tradidit Orcus .,bunic02.croala1761880.croala-lat2w:body.div3.l271.w1
estlocus0,Amphitryoniades,Amphitryoniades . Tum lubrica pondere cymba,bunic02.croala1761880.croala-lat2w:body.div2.l134.w1
estlocus0,Amphitryoniades,Amphitryoniades spiris immanibus omnemque,bunic02.croala1761880.croala-lat2w:body.div2.l179.w1
estlocus0,Amphitryoniades,Amphitryoniades aequo sub corde ferendo,bunic02.croala1761880.croala-lat2w:body.div2.l261.w1
estlocus1,Andini,Adsitis : sequor Andini uestigia uatis .,bunic02.croala1761880.croala-lat2w:body.div1.l32.w3
estlocus0,Antheus,"Non equidem Antheus , non armentalis abactor ,",bunic02.croala1761880.croala-lat2w:body.div3.l168.w3
estlocus0,Aper,"Nec Tegeaeus Aper , nec quos puer enecat angues",bunic02.croala1761880.croala-lat2w:body.div3.l170.w3
estlocus0,Apolline,Nec stellis fulsere poli nec Apolline pulchro :,bunic02.croala1761880.croala-lat2w:body.div3.l88.w6
estlocus0,Apolline,Ipseque cum docto certaret Apolline tutus .,bunic02.croala1761880.croala-lat2w:body.div3.l323.w5
estlocus0,Apollinemque,"Formosam faciunt Apollinemque ,",bunic02.croala1761880.croala-lat2w:front.app2.rdg2.div.l3.w3
estlocus0,Apollineo,Qualis Apollineo Perrhebi uertice Pindi,bunic02.croala1761880.croala-lat2w:body.div3.l120.w2
estlocus0,Apollo,Non te ad uulgatum Thymbraee uocamus Apollo,bunic02.croala1761880.croala-lat2w:body.div1.l14.w7
estlocus0,Apollo,"En quoque me falso frater delusit Apollo ! """,bunic02.croala1761880.croala-lat2w:body.div1.l106.w7
estlocus0,Apseudisque,"Apseudisque Ianiraque et hispida corpore Meni ,",bunic02.croala1761880.croala-lat2w:body.div1.l195.w1
estlocus0,Aquilo,Quum Notus aut Aquilo Neptunia concutit arua .,bunic02.croala1761880.croala-lat2w:body.div2.l32.w4
estlocus0,Aquilone,Ipse egomet sedesque meas Aquilone subacto,bunic02.croala1761880.croala-lat2w:body.div3.l103.w5
estlocus1,Arar,Sperchius et Arar,bunic02.croala1761880.croala-lat2w:body.div1.l219.app.rdg2.w3
estlocus0,Arcada,Sarcophagi : uolucrem mihi Iuppiter Arcada caelo,bunic02.croala1761880.croala-lat2w:body.div2.l66.w5
estlocus0,Arcas,"Et celer annexis uenerataderat talaribus Arcas ,",bunic02.croala1761880.croala-lat2w:body.div1.l292.w5
estlocus0,Arcas,"Elicit hinc manes , hic suffocatsuprimit impius Arcas .",bunic02.croala1761880.croala-lat2w:body.div1.l297.w6
estlocus0,Arethusa,"Candida siccabat madidos Arethusa capillos ,",bunic02.croala1761880.croala-lat2w:body.div1.l124.w4
estlocus0,Argo,Quem non heroum demens quos uexerat Argo,bunic02.croala1761880.croala-lat2w:body.div1.l91.w7
estlocus0,Argoa,Hellespontiacos portus Argoa carina,bunic02.croala1761880.croala-lat2w:body.div1.l113.w3
estlocus0,Argolicis,Argolicis et si qua prior uulgauerit aetas ?,bunic02.croala1761880.croala-lat2w:body.div1.l19.w1
estlocus0,Arion,Qua Methymnaeus donaria liquit Arion :,bunic02.croala1761880.croala-lat2w:body.div3.l307.w5
estlocus0,Ariona,Stabat et incolumem mirantur Ariona nautae,bunic02.croala1761880.croala-lat2w:body.div3.l329.w5
estlocus0,Arionius,Altaque Arionius scindebat caerula delphin,bunic02.croala1761880.croala-lat2w:body.div1.l208.w2
estlocus0,Aristaeis,Aristaeis,bunic02.croala1761880.croala-lat2w:body.div1.l72.app.rdg3.w
estlocus1,Asiam,"Iudicat atque Asiam magnam , peccataque Minos",bunic02.croala1761880.croala-lat2w:body.div3.l47.w3
estlocus0,Assacheus,"Implicat , Assacheus ueluti draco sanguine Maurum",bunic02.croala1761880.croala-lat2w:body.div2.l180.w2
estlocus1,Assyrios,Ac uelut Assyrios saltus aut Syrtica linquens,bunic02.croala1761880.croala-lat2w:body.div3.l259.w3
estlocus0,Astra,"Astra tenes , seu bella geris , seu candida circum",bunic02.croala1761880.croala-lat2w:body.div1.l9.w1
estlocus1,Athos,"Quantus Olympus , Athos quantus , uel nubifer Atlas",bunic02.croala1761880.croala-lat2w:body.div3.l194.w3
estlocus4,Atlas,"Quantus Olympus , Athos quantus , uel nubifer Atlas",bunic02.croala1761880.croala-lat2w:body.div3.l194.w7
estlocus4,Atlas,"Atlas obstupuit , te tela trisulca ferentem",bunic02.croala1761880.croala-lat2w:body.div3.l342.w1
estlocus0,Atrius,Atrius,bunic02.croala1761880.croala-lat2w:body.div1.l68.app.rdg1.w
estlocus0,Atys,"Foelix ille puer Phrygiis in montibus Atys ,",bunic02.croala1761880.croala-lat2w:body.div1.l262.w7
estlocus1,Auentinum,"Acer Auentinum , tu templa Lacinia condis .",bunic02.croala1761880.croala-lat2w:body.div3.l340.w2
estlocus1,Auerni,Principio ad fauces tetri stabulantur Auerni,bunic02.croala1761880.croala-lat2w:body.div1.l33.w6
estlocus1,Auerni,Nunc igitur ne fama prior neu clarus Auerni,bunic02.croala1761880.croala-lat2w:body.div2.l245.w8
estlocus1,Auerni,Et sonitu tetri domus atra resultat Auerni .,bunic02.croala1761880.croala-lat2w:body.div3.l244.w7
estlocus1,Auerni,"Victor adit spoliis et munere laetus Auerni ,",bunic02.croala1761880.croala-lat2w:body.div3.l273.w7
estlocus1,Auernum,"Subiecit uictrixque ferum spoliauit Auernum ,",bunic02.croala1761880.croala-lat2w:body.div3.l289.w5
estlocus1,Auernus,"Iam pridem cupio , nec me crassator Auernus",bunic02.croala1761880.croala-lat2w:body.div2.l298.w7
estlocus0,Aurora,"Te croceis , Titone , toris Aurora reliquit",bunic02.croala1761880.croala-lat2w:body.div2.l2.w5
estlocus0,Bacchae,"Miscerique simul , ueluti trieterica Bacchae",bunic02.croala1761880.croala-lat2w:body.div1.l213.w5
estlocus0,Balaenae,Balaenae saeuis infestabantur ab orcis,bunic02.croala1761880.croala-lat2w:body.div2.l22.w1
estlocus0,Beaemoth,Bellial effrenusque ruunt et bellua Beaemoth .,bunic02.croala1761880.croala-lat2w:body.div3.l83.w6
estlocus0,Bellerophonteos,Bellerophonteos : uestris sat lusimus antris !,bunic02.croala1761880.croala-lat2w:body.div3.l349.w1
estlocus0,Belli,Belli feruor adhuc mutilat . Stat fertilis orbis,bunic02.croala1761880.croala-lat2w:body.div2.l317.w1
estlocus0,Bellial,Bellial effrenusque ruunt et bellua Beaemoth .,bunic02.croala1761880.croala-lat2w:body.div3.l83.w1
estlocus0,Bellides,Bellides implerunt Acheronque obmutuit undis .,bunic02.croala1761880.croala-lat2w:body.div2.l104.w1
estlocus0,Bellona,Postibus aduersis stimulo Bellona cruento,bunic02.croala1761880.croala-lat2w:body.div1.l53.w4
estlocus0,Bellona,Fulgurat et subito stimulat Bellona tumultu,bunic02.croala1761880.croala-lat2w:body.div2.l196.w5
estlocus4,Berecynthia,Alma quibus uehitur diuum Berecynthia mater .,bunic02.croala1761880.croala-lat2w:body.div1.l289.w5
estlocus0,Beroaldi,Philippi Beroaldi Hexasticon .,bunic02.croala1761880.croala-lat2w:back.app.rdg1.div.head.w2
estlocus0,Bistonio,"Te quoque Bistonio qui quadrupedante superbis ,",bunic02.croala1761880.croala-lat2w:body.div3.l185.w3
estlocus0,Boreas,"Horrificans Boreas gelidae sub uirginis ortu ,",bunic02.croala1761880.croala-lat2w:body.div1.l310.w2
estlocus0,Bromii,"Et picti Bromii lynces et plaustra leonum ,",bunic02.croala1761880.croala-lat2w:body.div1.l288.w3
estlocus0,Busiridis,Atque cruentatam Pharii Busiridis umbram .,bunic02.croala1761880.croala-lat2w:body.div1.l79.w4
estlocus0,CHRISTI,IACOBI BONI RACVSAEI SVB FIGVRA HERCVLIS CHRISTI PRAELVDIVM DEDICATVM LEONI X PONT. MAX. LIBER PRIMVS : AGLAIA,bunic02.croala1761880.croala-lat2w:body.div1.head.w7
estlocus0,CHRISTI,IACOBI BONI RACVSAEI CHRISTI SVB FIGVRA HERCVLIS PRAELVDIVM LEONI X PONT. MAX. DICATVM LIBER SECVNDVS : THALIA,bunic02.croala1761880.croala-lat2w:body.div2.head.w4
estlocus0,CHRISTI,IACOBI BONI RACVSAEI CHRISTI SVB FIGVRA HERCVLIS PRAELVDIVM DEDICATVM LEONI X PONT. MAX. LIBER TERTIVS : EVPHROSYNA,bunic02.croala1761880.croala-lat2w:body.div3.head.w4
estlocus1,Calabro,Hic Ephyrea ratis Calabro resoluta Tarento,bunic02.croala1761880.croala-lat2w:body.div3.l308.w4
estlocus0,Calliopea,"Orphea nam memini , quem candida Calliopea",bunic02.croala1761880.croala-lat2w:body.div2.l88.w6
estlocus1,Calpen,"Limina , in Hispanam Calpen qua surgit Abyla",bunic02.croala1761880.croala-lat2w:body.div1.l157.w4
estlocus0,Cancer,Qua tuus aurato pandebat limine Cancer,bunic02.croala1761880.croala-lat2w:body.div1.l315.w6
estlocus1,Cantabria,"Pectora turbabat , ueluti Cantabria cautes",bunic02.croala1761880.croala-lat2w:body.div2.l202.w4
estlocus1,Carthago,Perfida Carthago deuictaque Pergama flammis,bunic02.croala1761880.croala-lat2w:body.div1.l18.w2
estlocus0,Castorides,"Castorides , uox illa fuit praenuntia laeti .",bunic02.croala1761880.croala-lat2w:body.div2.l10.w1
estlocus1,Caucasei,"Quantaque Caucasei dorsi iuga , quanta Pachinni",bunic02.croala1761880.croala-lat2w:body.div3.l196.w2
estlocus1,Caycus,"Dalmaticus Naron , Phasis Phrygiusque Caycus ,",bunic02.croala1761880.croala-lat2w:body.div1.l225.w5
estlocus0,Centauri,"Centauri , gens mixta feris partusque biformes ,",bunic02.croala1761880.croala-lat2w:body.div1.l34.w1
estlocus0,Centaurica,Agmina praecipue Centaurica nubigenarum,bunic02.croala1761880.croala-lat2w:body.div1.l76.w3
estlocus0,Cerbereos,"Gestit , Cerbereos et nexibus implicat artus",bunic02.croala1761880.croala-lat2w:body.div3.l220.w2
estlocus0,Cerberus,Cerberus : humano depastus sanguine sternitcondit,bunic02.croala1761880.croala-lat2w:body.div2.l147.w1
estlocus0,Cerberus,Sic premitur fugiens uicinaque Cerberus horret,bunic02.croala1761880.croala-lat2w:body.div2.l172.w5
estlocus0,Cerberus,Sed non egressu facilis . Tunc Cerberus auras,bunic02.croala1761880.croala-lat2w:body.div3.l275.w6
estlocus0,Ceres,Et te flaua Ceres,bunic02.croala1761880.croala-lat2w:body.div1.l290.app.rdg1.w4
estlocus0,Ceres,"Teque , Ceres o diua ,",bunic02.croala1761880.croala-lat2w:body.div1.l290.app.rdg2.w2
estlocus1,Chaonius,Vt quum Chaonius quondam latrator euntis,bunic02.croala1761880.croala-lat2w:body.div2.l166.w3
estlocus0,Chaos,"Ferre nefas , res prima , Chaos , quae rite silendo",bunic02.croala1761880.croala-lat2w:body.div3.l209.w5
estlocus0,Charis,"Cur mea dicta Charis , cur Gratia Musa uocata est ?",bunic02.croala1761880.croala-lat2w:front.app1.rdg1.div.l1.w4
estlocus0,Charon,Quem simul atque Charon uiridi prospexit ab alueo,bunic02.croala1761880.croala-lat2w:body.div2.l72.w4
estlocus0,Chimaera,Fumantes horrenda globos terno ore Chimaera .,bunic02.croala1761880.croala-lat2w:body.div1.l39.w6
estlocus0,Chimaerae,Flammiferae seu templa colis Patarea Chimaerae .,bunic02.croala1761880.croala-lat2w:body.div1.l13.w6
estlocus0,Chlymene,"Et Chlymene , Liminoriaque,Acteique,Spioque,Limnoria,ActeiCymodoceque",bunic02.croala1761880.croala-lat2w:body.div1.l166.w2
estlocus0,Circaeis,"Scyllaque , Circaeis quoi latrant inguina monstris ,",bunic02.croala1761880.croala-lat2w:body.div1.l35.w2
estlocus0,Cleonei,"Alta Cleonei fulserunt terga leonis ,",bunic02.croala1761880.croala-lat2w:body.div2.l209.w2
estlocus1,Cocyte,"Et ripis , Cocyte , tuis graue labile flumen .",bunic02.croala1761880.croala-lat2w:body.div3.l205.w3
estlocus1,Cocyti,Sed neque Cocyti nox importuna nec Orci,bunic02.croala1761880.croala-lat2w:body.div2.l257.w3
estlocus1,Colchon,"Colchon , et Oethei ducebat Phasydos undas ,",bunic02.croala1761880.croala-lat2w:body.div1.l116.w1
estlocus1,Corinthiaco,Mira Corinthiaco narrabat facta tyranno .,bunic02.croala1761880.croala-lat2w:body.div3.l327.w2
estlocus0,Corytus,Corytus calamique leues et thyrsus Iaccho ;,bunic02.croala1761880.croala-lat2w:body.div2.l120.w1
estlocus0,Cybelles,Atque leues Gallae et furibundae sacra Cybelles .,bunic02.croala1761880.croala-lat2w:body.div1.l264.w7
estlocus0,Cyclopis,Sidat et in uastum Polyphaemi Cyclopis antrum,bunic02.croala1761880.croala-lat2w:body.div3.l263.w6
estlocus0,Cyclops,Obuius at Cyclops trunco Polyphaemus obusto,bunic02.croala1761880.croala-lat2w:body.div3.l266.w3
estlocus1,Cyllenia,Sed lyra iam reticet lassi Cyllenia Phoebi .,bunic02.croala1761880.croala-lat2w:body.div3.l347.w6
estlocus1,Cyllenis,Cyllenis fidibus uoces imitata canentis .,bunic02.croala1761880.croala-lat2w:body.div2.l95.w1
estlocus0,Cymbala,Cymbala quoi tollunt moestas resonantia curas,bunic02.croala1761880.croala-lat2w:body.div1.l263.w1
estlocus0,Cymodoceque,"Limnoria , Actei Cymodoceque",bunic02.croala1761880.croala-lat2w:body.div1.l166.app.rdg2.w3
estlocus0,Cymodoceque,"Cymothoe , Cymodoceque ,",bunic02.croala1761880.croala-lat2w:body.div1.l167.app.rdg1.w2
estlocus0,Cymothoe,"Cymothoe , Cymodoceque ,",bunic02.croala1761880.croala-lat2w:body.div1.l167.app.rdg1.w1
estlocus0,Cymothoeque,Cymothoeque Legaeaque Spio,bunic02.croala1761880.croala-lat2w:body.div1.l167.app.rdg2.w1
estlocus4,Cyntho,Seu tua Latoo potius cunabula Cyntho,bunic02.croala1761880.croala-lat2w:body.div1.l12.w6
estlocus4,Cypria,"Cypria diua , geris candenti in corpore uulnus . """,bunic02.croala1761880.croala-lat2w:body.div3.l189.w1
estlocus0,Cyrenis,Gurgite aristeisaristeisAristaeis Euro spirante Cyrenis .,bunic02.croala1761880.croala-lat2w:body.div1.l72.w4
estlocus0,Cytheri,Siluas Idalii et nemus Cytheri,bunic02.croala1761880.croala-lat2w:front.app2.rdg2.div.l2.w5
estlocus1,Dalmaticus,"Dalmaticus Naron , Phasis Phrygiusque Caycus ,",bunic02.croala1761880.croala-lat2w:body.div1.l225.w1
estlocus1,Dardana,"Mox ait , "" ad caelum raptus , quoi Dardana pubes",bunic02.croala1761880.croala-lat2w:body.div1.l260.w7
estlocus0,Delphinas,Delphinas stimulate uagos ! Cristalla ferantur,bunic02.croala1761880.croala-lat2w:body.div1.l180.w1
estlocus0,Diana,Pluto tenet gestatque suam Diana pharetram ?,bunic02.croala1761880.croala-lat2w:body.div2.l122.w5
estlocus0,Dianae,"Turba pharetratae nec adhuc uitiata Dianae ,",bunic02.croala1761880.croala-lat2w:body.div1.l168.w6
estlocus0,Dianassa,Et cythara Dianassa sonans miranda tricordi,bunic02.croala1761880.croala-lat2w:body.div1.l194.w3
estlocus4,Dictaei,Dictaei fratres saeuas Acherontis habenas,bunic02.croala1761880.croala-lat2w:body.div3.l43.w1
estlocus0,Diomedis,"Armipotens Gradiue pater , Diomedis acuta",bunic02.croala1761880.croala-lat2w:body.div3.l186.w4
estlocus1,Dircaei,"Obtestor Phoebi et Dircaei Amphionis urbem ,",bunic02.croala1761880.croala-lat2w:body.div2.l47.w4
estlocus0,Dis,"Dis pater , ignitis produnt quae faucibus alta",bunic02.croala1761880.croala-lat2w:body.div3.l128.w1
estlocus4,Dis,Dis impune putans ad apertos emicat artus,bunic02.croala1761880.croala-lat2w:body.div3.l241.w1
estlocus0,Discordia,"Horrisono , furibunda ruit Discordia iuxta ,",bunic02.croala1761880.croala-lat2w:body.div1.l55.w4
estlocus0,Ditem,"Demittet , uincat linguae qui fulmine Ditem",bunic02.croala1761880.croala-lat2w:body.div2.l67.w6
estlocus4,Ditem,Excipiuntque graui nutantem uulnere Ditem,bunic02.croala1761880.croala-lat2w:body.div3.l250.w5
estlocus0,Diti,"Alcidae magni , Diti quoque cognita summi",bunic02.croala1761880.croala-lat2w:body.div3.l150.w3
estlocus0,Ditis,"Spartano praetenta sinu , qua Ditis anhelat",bunic02.croala1761880.croala-lat2w:body.div1.l23.w5
estlocus4,Ditis,Sospes et ad dominam Ditis sua munera ferre .,bunic02.croala1761880.croala-lat2w:body.div2.l87.w5
estlocus0,Ditis,Fas mihi sit patrui sedes inuisere Ditis ? !,bunic02.croala1761880.croala-lat2w:body.div2.l113.w7
estlocus4,Ditis,Ditis,bunic02.croala1761880.croala-lat2w:body.div2.l145.app.rdg2.w
estlocus4,Ditis,Ille fuga uersus petit alta sedilia Ditis .,bunic02.croala1761880.croala-lat2w:body.div2.l165.w7
estlocus4,Ditis,Clamosumque forum nigram stat Ditis ad aulam,bunic02.croala1761880.croala-lat2w:body.div2.l264.w5
estlocus4,Ditis,Imperiumque tenent umbrarum atque impia Ditis,bunic02.croala1761880.croala-lat2w:body.div3.l44.w6
estlocus0,Ditis,"Ardescunt animi Ditis , procul exulat omnis",bunic02.croala1761880.croala-lat2w:body.div3.l191.w3
estlocus4,Ditis,Ditis ad insultum telique tricuspidis ictum .,bunic02.croala1761880.croala-lat2w:body.div3.l240.w1
estlocus0,Ditis,En tua progenies sacraria Ditis auari,bunic02.croala1761880.croala-lat2w:body.div3.l288.w5
estlocus0,Diua,Diua mihi Pimplea refer ! - - - Dux agmine Pluto,bunic02.croala1761880.croala-lat2w:body.div3.l70.w1
estlocus0,Diuas,"Diuas , quae Paphiam deam colentem",bunic02.croala1761880.croala-lat2w:front.app2.rdg2.div.l1.w1
estlocus1,Elysium,"Qua regit Elysium , qua Tartara quaque subimouoraci",bunic02.croala1761880.croala-lat2w:body.div1.l295.w3
estlocus1,Elysium,"Sensit et Elysium longe nemus , audiit omnis",bunic02.croala1761880.croala-lat2w:body.div2.l193.w3
estlocus0,Enceladum,Inarimes quique Enceladum subiecimus Aetnae,bunic02.croala1761880.croala-lat2w:body.div2.l232.w3
estlocus0,Enthea,"Enthea uocali modulantem carmina plectro ,",bunic02.croala1761880.croala-lat2w:body.div1.l11.w1
estlocus0,Eoas,"Aeacus Europae gentes , Rhadamantus Eoas",bunic02.croala1761880.croala-lat2w:body.div3.l46.w5
estlocus1,Eoas,"Arua draco siluasue procul cristatus Eoas ,",bunic02.croala1761880.croala-lat2w:body.div3.l260.w6
estlocus0,Eoo,""" Postera ab Eoo roseis inuecta quadrigis",bunic02.croala1761880.croala-lat2w:body.div2.l1.w3
estlocus1,Ephyrea,Hic Ephyrea ratis Calabro resoluta Tarento,bunic02.croala1761880.croala-lat2w:body.div3.l308.w2
estlocus1,Ephyreas,Parte alia ueniens Ephyreas laetus ad arces,bunic02.croala1761880.croala-lat2w:body.div3.l326.w4
estlocus0,Erebi,Et caligantes Erebi deuenit ad umbras .,bunic02.croala1761880.croala-lat2w:body.div1.l27.w3
estlocus4,Erebi,""" Thracius ad sedes Erebi descendere uates",bunic02.croala1761880.croala-lat2w:body.div2.l109.w4
estlocus4,Erebi,Iussit adire domos Erebi Stygiamque paludem,bunic02.croala1761880.croala-lat2w:body.div2.l115.w4
estlocus4,Erebi,""" O mihi bellorum comites , Erebi effera proles ,",bunic02.croala1761880.croala-lat2w:body.div2.l227.w5
estlocus4,Erebi,Deinde deos Erebi precibus compellat amicis :,bunic02.croala1761880.croala-lat2w:body.div3.l206.w3
estlocus4,Erebo,"Atraque nigrantes Erebo nox intulit alas ,",bunic02.croala1761880.croala-lat2w:body.div2.l4.w3
estlocus4,Erebum,Erebum,bunic02.croala1761880.croala-lat2w:body.div1.l287.app.rdg1.w
estlocus4,Erebum,"Magna parens , Erebum medio quae claudis in antro ,",bunic02.croala1761880.croala-lat2w:body.div3.l213.w3
estlocus1,Eridanus,"Corniger Eridanus , Liparis , Moedusque Nyphates",bunic02.croala1761880.croala-lat2w:body.div1.l227.w2
estlocus0,Euan,"Orgia quom celebrant euantes tygribus "" Euan ! """,bunic02.croala1761880.croala-lat2w:body.div1.l214.w6
estlocus0,Euri,Quum glomerant Euri pluuia impendente sub aethra,bunic02.croala1761880.croala-lat2w:body.div3.l60.w3
estlocus0,Euridicen,Euridicen : chaos antiquum primaeuaque mundi,bunic02.croala1761880.croala-lat2w:body.div2.l97.w1
estlocus0,Euro,Gurgite aristeisaristeisAristaeis Euro spirante Cyrenis .,bunic02.croala1761880.croala-lat2w:body.div1.l72.w2
estlocus1,Europae,"Aeacus Europae gentes , Rhadamantus Eoas",bunic02.croala1761880.croala-lat2w:body.div3.l46.w2
estlocus1,Eurotas,Laurifer Eurotas et nigro excussus ab Orco,bunic02.croala1761880.croala-lat2w:body.div1.l226.w2
estlocus0,Eurysthea,Talibus eductum fatis Eurysthea tinxit .,bunic02.croala1761880.croala-lat2w:body.div3.l182.w4
estlocus0,Fames,Et miseranda Fames humilique infirma grabato,bunic02.croala1761880.croala-lat2w:body.div1.l51.w3
estlocus0,Fas,Fas Phlegetonte tenet placidoque in flumine Laethes,bunic02.croala1761880.croala-lat2w:body.div1.l296.w1
estlocus0,Fas,Fas mihi sit patrui sedes inuisere Ditis ? !,bunic02.croala1761880.croala-lat2w:body.div2.l113.w1
estlocus0,Fortuna,"It Fortuna comes , fert tela tricuspida daemon",bunic02.croala1761880.croala-lat2w:body.div3.l81.w2
estlocus0,Furiis,"Sed Furiis commota canam noua proelia , namque",bunic02.croala1761880.croala-lat2w:body.div1.l20.w2
estlocus0,Furiis,Ipse uelut Furiis praeceps agitatus adibam,bunic02.croala1761880.croala-lat2w:body.div1.l95.w3
estlocus0,Furiis,"Haec ubi desierat , Furiis atque acribus iris",bunic02.croala1761880.croala-lat2w:body.div3.l190.w4
estlocus0,Furiis,Aegrescuntque acti Furiis mussantque dolore,bunic02.croala1761880.croala-lat2w:body.div3.l251.w3
estlocus0,Furuius,Furuius,bunic02.croala1761880.croala-lat2w:body.div1.l68.app.rdg2.w
estlocus0,Gallae,Atque leues Gallae et furibundae sacra Cybelles .,bunic02.croala1761880.croala-lat2w:body.div1.l264.w3
estlocus0,Gallianira,"Atque Thoi atque Amatis atque aurea Gallianira ,",bunic02.croala1761880.croala-lat2w:body.div1.l169.w7
estlocus0,Ganymede,Sublatum spretouesocioque Patrem Ganymede potitum,bunic02.croala1761880.croala-lat2w:body.div1.l89.w3
estlocus1,Gargara,Et quantis Idaea iugis se Gargara tollunt,bunic02.croala1761880.croala-lat2w:body.div3.l197.w6
estlocus0,Garrulitate,Garrulitate lyrae fretus cantuque loquaci,bunic02.croala1761880.croala-lat2w:body.div2.l111.w1
estlocus0,Gaudia,"Funera , nec longe fugientia Gaudia distant ,",bunic02.croala1761880.croala-lat2w:body.div1.l45.w5
estlocus0,Gemitus,"Sternunturque toris Gemitus , infaustaque lugent",bunic02.croala1761880.croala-lat2w:body.div1.l44.w3
estlocus0,Gerionesque,"Stant prope , Gerionesque triceps procul aufugit hostem ,",bunic02.croala1761880.croala-lat2w:body.div1.l42.w3
estlocus0,Germanosque,Germanosque Ioues diuisaque regna canebat .,bunic02.croala1761880.croala-lat2w:body.div2.l99.w1
estlocus1,Getas,"Bellaces inferre Getas , fremit arduus , armi",bunic02.croala1761880.croala-lat2w:body.div3.l123.w3
estlocus0,Gigantas,Atque tot anguipedes Phlegraea ualle Gigantas,bunic02.croala1761880.croala-lat2w:body.div2.l233.w6
estlocus0,Gigantes,"Hesperidum : "" Tu terrigenas , inuicte , Gigantes",bunic02.croala1761880.croala-lat2w:body.div3.l337.w5
estlocus0,Gigantum,Carmen et ad dictas acies . Quis namque Gigantum,bunic02.croala1761880.croala-lat2w:body.div1.l15.w8
estlocus0,Glaucis,Tresque simul iuuenes : Glaucis nitidisque Pherusa,bunic02.croala1761880.croala-lat2w:body.div1.l197.w4
estlocus1,Gnosiaci,Me quoque Gnosiaci qui quaesitoris acerbum,bunic02.croala1761880.croala-lat2w:body.div2.l283.w3
estlocus1,Gnosius,Gnosius et residens celsa quaesitor in arce,bunic02.croala1761880.croala-lat2w:body.div2.l265.w1
estlocus0,Gorgoneis,Exin Gorgoneis serpentibus hirta Megaera,bunic02.croala1761880.croala-lat2w:body.div3.l67.w2
estlocus0,Gorgonis,""" Summe pater rerum , uacua qui Gorgonis aluo",bunic02.croala1761880.croala-lat2w:body.div3.l207.w6
estlocus0,Gradiue,"Armipotens Gradiue pater , Diomedis acuta",bunic02.croala1761880.croala-lat2w:body.div3.l186.w2
estlocus0,Gradive,"Marmore quadriiugis . Et te , Gradive , tulerunt",bunic02.croala1761880.croala-lat2w:body.div1.l284.w5
estlocus0,Gratia,"Cur mea dicta Charis , cur Gratia Musa uocata est ?",bunic02.croala1761880.croala-lat2w:front.app1.rdg1.div.l1.w6
estlocus0,Gratia,"Quod charis , et totum hoc Gratia condit opus .",bunic02.croala1761880.croala-lat2w:front.app1.rdg1.div.l2.w6
estlocus0,Harpyiaeque,Exequar ? Harpyiaeque et Phorcidos umbra Medusae,bunic02.croala1761880.croala-lat2w:body.div1.l41.w2
estlocus4,Helicona,"Adsis , o Helicona tuens Iouis alma propago ,",bunic02.croala1761880.croala-lat2w:body.div1.l7.w3
estlocus1,Hellespontiacos,Hellespontiacos portus Argoa carina,bunic02.croala1761880.croala-lat2w:body.div1.l113.w1
estlocus0,Herculea,"Qui Christum Herculea canunt figura ,",bunic02.croala1761880.croala-lat2w:front.app2.rdg2.div.l6.app.rdg2.w3
estlocus0,Herculeae,Versibus Herculeae par est Iacobus arenae,bunic02.croala1761880.croala-lat2w:back.app.rdg1.div.l3.w2
estlocus0,Herculeas,Herculeas super astra ferunt : ut fata nouercae,bunic02.croala1761880.croala-lat2w:body.div3.l334.w1
estlocus0,Herculeum,Et dono Herculeum damus laborem :,bunic02.croala1761880.croala-lat2w:front.app2.rdg2.div.l11.app.rdg1.w3
estlocus0,Herculis,"Consererent , magni timuerunt Herculis iras .",bunic02.croala1761880.croala-lat2w:body.div2.l216.w4
estlocus0,Herculis,Herculis aufugit moestas Acherontis in aedes .,bunic02.croala1761880.croala-lat2w:body.div3.l160.w1
estlocus0,Herculis,"Respondit Pluto : "" Magni uis Herculis ingens",bunic02.croala1761880.croala-lat2w:body.div3.l254.w5
estlocus1,Hesperidum,"Hesperidum : "" Tu terrigenas , inuicte , Gigantes",bunic02.croala1761880.croala-lat2w:body.div3.l337.w1
estlocus1,Hispanam,"Limina , in Hispanam Calpen qua surgit Abyla",bunic02.croala1761880.croala-lat2w:body.div1.l157.w3
estlocus0,Hyla,"Et te cernit , Hyla puer : "" O Hyla "" , ipse repente ,",bunic02.croala1761880.croala-lat2w:body.div1.l80.w4
estlocus0,Hyla,"Et te cernit , Hyla puer : "" O Hyla "" , ipse repente ,",bunic02.croala1761880.croala-lat2w:body.div1.l80.w7
estlocus0,Hylaeumque,Hylaeumque,bunic02.croala1761880.croala-lat2w:body.div1.l78.app.rdg2.w
estlocus0,Hylas,Tunc tristis laetatus Hylas stetit Hercule uiso,bunic02.croala1761880.croala-lat2w:body.div1.l107.w4
estlocus0,Hylas,At multum miserandus Hylas male cognita ponti,bunic02.croala1761880.croala-lat2w:body.div1.l256.w4
estlocus0,Hylas,Talia fatus Hylas ac talia clauiger heros,bunic02.croala1761880.croala-lat2w:body.div2.l56.w3
estlocus0,Hylas,His dictis gauisus Hylas magnamque recoepit,bunic02.croala1761880.croala-lat2w:body.div2.l69.w4
estlocus0,Hymenaee,"O Hymenaee , tibi magno pulcherrima Nereo",bunic02.croala1761880.croala-lat2w:body.div1.l159.w2
estlocus0,Iacchi,"Non hymenaeei turpis bellator Iacchi ,",bunic02.croala1761880.croala-lat2w:body.div3.l169.w5
estlocus0,Iaccho,Corytus calamique leues et thyrsus Iaccho ;,bunic02.croala1761880.croala-lat2w:body.div2.l120.w6
estlocus0,Ianiraque,"Apseudisque Ianiraque et hispida corpore Meni ,",bunic02.croala1761880.croala-lat2w:body.div1.l195.w2
estlocus0,Ianitor,"Ianitor et moesto mors inuitabilis arcu ,",bunic02.croala1761880.croala-lat2w:body.div2.l258.w1
estlocus0,Iason,"Quum tot onusta deum genitis intrarat , Iason",bunic02.croala1761880.croala-lat2w:body.div1.l114.w7
estlocus1,Ida,""" Foelix Troianus Phrygia uenator ab Ida """,bunic02.croala1761880.croala-lat2w:body.div1.l259.w6
estlocus1,Idaea,Et quantis Idaea iugis se Gargara tollunt,bunic02.croala1761880.croala-lat2w:body.div3.l197.w3
estlocus1,Idalii,Siluas Idalii et nemus Cytheri,bunic02.croala1761880.croala-lat2w:front.app2.rdg2.div.l2.w2
estlocus1,Idalio,Idalio saltu : hic miseros amor urit amantes .,bunic02.croala1761880.croala-lat2w:body.div2.l318.w1
estlocus0,Ieraque,Protoque Meliteque TaliaqueThaliaque DotoqueDoto Ieraque,bunic02.croala1761880.croala-lat2w:body.div1.l164.w3
estlocus1,Ilerda,"Sperchios , Ilerda ,",bunic02.croala1761880.croala-lat2w:body.div1.l219.app.rdg1.w2
estlocus1,Illyrico,Ister et Illyrico ueniens a littore Narbon .,bunic02.croala1761880.croala-lat2w:body.div1.l229.w3
estlocus1,Inarimes,Inarimes quique Enceladum subiecimus Aetnae,bunic02.croala1761880.croala-lat2w:body.div2.l232.w1
estlocus1,Inda,Qualis ubi in domibus magnis auis Inda puellis,bunic02.croala1761880.croala-lat2w:body.div1.l203.w7
estlocus0,Indigenae,"Indigenae , qui facta canunt et carmine laudes",bunic02.croala1761880.croala-lat2w:body.div3.l333.w1
estlocus4,Inferna,Inferna Stygium de regione canem .,bunic02.croala1761880.croala-lat2w:back.app.rdg1.div.l2.w1
estlocus4,Infernaeque,"Infernaeque domus , quo tempore matris ab aluo",bunic02.croala1761880.croala-lat2w:body.div3.l154.w1
estlocus0,Iouem,Quae magnum uexere Iouem rerumque parentem,bunic02.croala1761880.croala-lat2w:body.div1.l279.w4
estlocus0,Ioues,Germanosque Ioues diuisaque regna canebat .,bunic02.croala1761880.croala-lat2w:body.div2.l99.w2
estlocus0,Ioui,"Tela trisulca Ioui , Neptuno fuscina , Phoebo",bunic02.croala1761880.croala-lat2w:body.div2.l119.w3
estlocus0,Iouis,"Regna Iouis soliumque canam , quo clauiger heros",bunic02.croala1761880.croala-lat2w:body.div1.l2.w2
estlocus0,Iouis,"Adsis , o Helicona tuens Iouis alma propago ,",bunic02.croala1761880.croala-lat2w:body.div1.l7.w5
estlocus0,Iouis,"Oceanum mentemque Iouis cum coniuge saeua ,",bunic02.croala1761880.croala-lat2w:body.div1.l280.w3
estlocus0,Iouis,Quum Iouis ante thronum Stygii collabitur atque,bunic02.croala1761880.croala-lat2w:body.div2.l176.w2
estlocus0,Iouis,Aequorei quanquam fuerit Iouis inclyta proles .,bunic02.croala1761880.croala-lat2w:body.div2.l244.w4
estlocus0,Iouis,"Tunc subito sic orsa loqui : "" Iouis alta propago",bunic02.croala1761880.croala-lat2w:body.div2.l268.w6
estlocus0,Iouis,"Plutonis domus et summi Iouis alta potestas ,",bunic02.croala1761880.croala-lat2w:body.div3.l42.w5
estlocus0,Iouis,Et uidet Alcmenae et Iouis omnipotentis alumnum,bunic02.croala1761880.croala-lat2w:body.div3.l141.w5
estlocus0,Iouis,"Progenies inuicta Iouis , quem Iuppiter alto",bunic02.croala1761880.croala-lat2w:body.div3.l151.w3
estlocus0,Iouis,Contremuit percussa soror Iouis . Elicis umbram,bunic02.croala1761880.croala-lat2w:body.div3.l343.w4
estlocus1,Ister,Ister et Illyrico ueniens a littore Narbon .,bunic02.croala1761880.croala-lat2w:body.div1.l229.w1
estlocus0,Iudae,De Iudae catuli tribu leonis .,bunic02.croala1761880.croala-lat2w:front.app2.rdg2.div.l13.app.rdg2.w2
estlocus0,Iuno,"Iuppiter ipse mihi genitor , me Iuno nouerca",bunic02.croala1761880.croala-lat2w:body.div2.l114.w6
estlocus0,Iuno,""" Tu genitor , Saturne , mihi , tu , regia Iuno ,",bunic02.croala1761880.croala-lat2w:body.div3.l165.w7
estlocus0,Iunoni,Si referet superae Iunoni inuisa propago .,bunic02.croala1761880.croala-lat2w:body.div2.l239.w4
estlocus0,Iunonis,At non hinc audax nostrae Iunonis adulter,bunic02.croala1761880.croala-lat2w:body.div2.l242.w6
estlocus0,Iunonis,"Victoris contra uires Iunonis iniquas . """,bunic02.croala1761880.croala-lat2w:body.div3.l293.w4
estlocus0,Iuppiter,"Iuppiter Alcides , Saturnia regna redirent .",bunic02.croala1761880.croala-lat2w:body.div2.l62.w1
estlocus0,Iuppiter,Sarcophagi : uolucrem mihi Iuppiter Arcada caelo,bunic02.croala1761880.croala-lat2w:body.div2.l66.w4
estlocus0,Iuppiter,"Iuppiter ipse mihi genitor , me Iuno nouerca",bunic02.croala1761880.croala-lat2w:body.div2.l114.w1
estlocus0,Iuppiter,Conditus aetheria tunc Iuppiter arce latebat,bunic02.croala1761880.croala-lat2w:body.div3.l94.w4
estlocus0,Iuppiter,"Progenies inuicta Iouis , quem Iuppiter alto",bunic02.croala1761880.croala-lat2w:body.div3.l151.w5
estlocus0,Iuppiter,"Iuppiter , interdum licuit quoi fallere diuos .",bunic02.croala1761880.croala-lat2w:body.div3.l180.w1
estlocus0,Iuppiter,"Ergo uictor ago grates tibi , Iuppiter , auctor",bunic02.croala1761880.croala-lat2w:body.div3.l292.w6
estlocus0,Ixion,"Constitit Ixion , pertusas fontibus urnas",bunic02.croala1761880.croala-lat2w:body.div2.l103.w2
estlocus1,Lacaenis,Virginibus satyros cupiens miscere Lacaenis .,bunic02.croala1761880.croala-lat2w:body.div1.l216.w5
estlocus1,Lacinia,"Acer Auentinum , tu templa Lacinia condis .",bunic02.croala1761880.croala-lat2w:body.div3.l340.w5
estlocus1,Laethes,Fas Phlegetonte tenet placidoque in flumine Laethes,bunic02.croala1761880.croala-lat2w:body.div1.l296.w7
estlocus0,Laeuiathan,"Laeuiathan , crines flauos arrectaque pulchrae",bunic02.croala1761880.croala-lat2w:body.div3.l77.w1
estlocus0,Laomedontida,"Aequoreoque rapis tu Laomedontida monstro . """,bunic02.croala1761880.croala-lat2w:body.div3.l345.w4
estlocus0,Lapithas,Lapithas,bunic02.croala1761880.croala-lat2w:body.div1.l77.app.rdg3.w
estlocus0,Lapitum,""" Rex Lapitum , armisoni proles a sanguine Martis ,",bunic02.croala1761880.croala-lat2w:body.div2.l331.w2
estlocus0,Latona,"Quae prolem , Latona , tuam stridente sub ipsis",bunic02.croala1761880.croala-lat2w:body.div1.l283.w3
estlocus0,Latoo,Seu tua Latoo potius cunabula Cyntho,bunic02.croala1761880.croala-lat2w:body.div1.l12.w3
estlocus0,Laus,"Laus acri rapienda uiro est et adorea pugnae . """,bunic02.croala1761880.croala-lat2w:body.div2.l250.w1
estlocus0,Legaeaque,Cymothoeque Legaeaque Spio,bunic02.croala1761880.croala-lat2w:body.div1.l167.app.rdg2.w2
estlocus0,Leonem,Orbes quem decimum uocant Leonem .,bunic02.croala1761880.croala-lat2w:front.app2.rdg2.div.l9.app.rdg2.w5
estlocus1,Lesbius,"Tractabant , supplex fundebat Lesbius aurum .",bunic02.croala1761880.croala-lat2w:body.div3.l311.w4
estlocus0,Libera,"Libera , corporeo quibus est de carcere pulsa",bunic02.croala1761880.croala-lat2w:body.div2.l322.w1
estlocus0,Libera,"Libera causa , deus , mens mundi , certa uoluntas ,",bunic02.croala1761880.croala-lat2w:body.div3.l2.w1
estlocus0,Liberumque,"Musas , Pallada Liberumque patrem ,",bunic02.croala1761880.croala-lat2w:front.app2.rdg2.div.l4.w3
estlocus0,Liminoriaque,"Liminoriaque , Acteique , Spioque ,",bunic02.croala1761880.croala-lat2w:body.div1.l166.app.rdg1.w1
estlocus0,Limnoria,"Limnoria , Actei Cymodoceque",bunic02.croala1761880.croala-lat2w:body.div1.l166.app.rdg2.w1
estlocus1,Liparis,"Corniger Eridanus , Liparis , Moedusque Nyphates",bunic02.croala1761880.croala-lat2w:body.div1.l227.w3
estlocus0,Lucifer,Puniceo ille Satan surgebat Lucifer ortu .,bunic02.croala1761880.croala-lat2w:body.div3.l89.w5
estlocus0,Lucifer,"Lucifer interea , quod se deus altior esset ,",bunic02.croala1761880.croala-lat2w:body.div3.l100.w1
estlocus0,Lucifer,Sidera labantur . Sic Lucifer aethere summo,bunic02.croala1761880.croala-lat2w:body.div3.l110.w4
estlocus0,Lucina,Quosque nouercales Lucina excoepit in ulnas,bunic02.croala1761880.croala-lat2w:body.div2.l327.w3
estlocus4,Luna,Nondum Luna nothos agitabat candida currus,bunic02.croala1761880.croala-lat2w:body.div3.l87.w2
estlocus0,Lyciscae,"Expertus rabiem timidae domitare Lyciscae ,",bunic02.croala1761880.croala-lat2w:body.div2.l170.w5
estlocus1,Lycus,DillectusqueDilectusque Lycus nymphis et fuluus Oaxis,bunic02.croala1761880.croala-lat2w:body.div1.l220.w1
estlocus0,Maeraque,Maeraque prima nouos experta cupidinis ignes,bunic02.croala1761880.croala-lat2w:body.div1.l193.w1
estlocus0,Magnes,"Fluctibus in mediis , Magnes et concaua circum",bunic02.croala1761880.croala-lat2w:body.div2.l205.w4
estlocus1,Maleae,"Est prope in obiectu rabidae spelunca Maleae ,",bunic02.croala1761880.croala-lat2w:body.div1.l22.w7
estlocus0,Mammona,Caetera serpenti similis . Prope Mammona curru,bunic02.croala1761880.croala-lat2w:body.div3.l79.w5
estlocus0,Manibus,Manibus inferiasque meis atque aggere inanem,bunic02.croala1761880.croala-lat2w:body.div2.l50.w1
estlocus0,Mars,Daemonas ut cunctos Mars experiatur ad unum .,bunic02.croala1761880.croala-lat2w:body.div3.l253.w4
estlocus0,Marte,Smyrneusque Meles et multo Marte notatus,bunic02.croala1761880.croala-lat2w:body.div1.l228.w5
estlocus0,Marte,Marte furens totoque intorquet turbine telum,bunic02.croala1761880.croala-lat2w:body.div3.l242.w1
estlocus0,Martem,"Vulcano candente ferunt , qua buccina Martem",bunic02.croala1761880.croala-lat2w:body.div2.l198.w6
estlocus0,Martem,"Inuadunt Martem , crebris sonat ictibus omnis",bunic02.croala1761880.croala-lat2w:body.div3.l236.w2
estlocus0,Marteque,domuisse canem ui Marteque,bunic02.croala1761880.croala-lat2w:body.div1.l3.app.rdg2.w4
estlocus0,Marti,"Ferrea compago , sic Marti ferreus ensis ,",bunic02.croala1761880.croala-lat2w:body.div2.l118.w4
estlocus0,Martis,Quoi Phlegyae genus inuiso de sanguine Martis :,bunic02.croala1761880.croala-lat2w:body.div2.l304.w7
estlocus0,Martis,""" Rex Lapitum , armisoni proles a sanguine Martis ,",bunic02.croala1761880.croala-lat2w:body.div2.l331.w7
estlocus0,Martis,"Cultor siluarum et Martis lymphator anheli ,",bunic02.croala1761880.croala-lat2w:body.div3.l212.w4
estlocus0,Mauortis,"Seu durum Mauortis opus , certamen iniri",bunic02.croala1761880.croala-lat2w:body.div3.l147.w3
estlocus1,Maurum,"Implicat , Assacheus ueluti draco sanguine Maurum",bunic02.croala1761880.croala-lat2w:body.div2.l180.w6
estlocus0,Medusae,Exequar ? Harpyiaeque et Phorcidos umbra Medusae,bunic02.croala1761880.croala-lat2w:body.div1.l41.w6
estlocus0,Megaera,At procul aeria custos ex arce Megaera,bunic02.croala1761880.croala-lat2w:body.div2.l184.w7
estlocus0,Megaera,Exin Gorgoneis serpentibus hirta Megaera,bunic02.croala1761880.croala-lat2w:body.div3.l67.w5
estlocus1,Meles,Smyrneusque Meles et multo Marte notatus,bunic02.croala1761880.croala-lat2w:body.div1.l228.w2
estlocus0,Meliteque,Protoque Meliteque TaliaqueThaliaque DotoqueDoto Ieraque,bunic02.croala1761880.croala-lat2w:body.div1.l164.w2
estlocus1,Memphitico,Memphitico pingues e,bunic02.croala1761880.croala-lat2w:body.div1.l149.app.rdg2.w1
estlocus0,Meni,"Apseudisque Ianiraque et hispida corpore Meni ,",bunic02.croala1761880.croala-lat2w:body.div1.l195.w6
estlocus0,Mercurio,Mercurio sic uirga datur . Nonne ipse tridentem,bunic02.croala1761880.croala-lat2w:body.div2.l121.w1
estlocus1,Methymnaeus,Qua Methymnaeus donaria liquit Arion :,bunic02.croala1761880.croala-lat2w:body.div3.l307.w2
estlocus0,Metus,"Hic Dolor , hic Metus , hic immanem pandit hiatum",bunic02.croala1761880.croala-lat2w:body.div1.l49.w4
estlocus0,Minos,"Iudicat atque Asiam magnam , peccataque Minos",bunic02.croala1761880.croala-lat2w:body.div3.l47.w6
estlocus0,Mira,Mira Corinthiaco narrabat facta tyranno .,bunic02.croala1761880.croala-lat2w:body.div3.l327.w1
estlocus1,Moedusque,"Corniger Eridanus , Liparis , Moedusque Nyphates",bunic02.croala1761880.croala-lat2w:body.div1.l227.w4
estlocus0,Musa,"Cur mea dicta Charis , cur Gratia Musa uocata est ?",bunic02.croala1761880.croala-lat2w:front.app1.rdg1.div.l1.w7
estlocus0,Musae,"Vatibus aetherios , Musae , quae infunditis haustus :",bunic02.croala1761880.croala-lat2w:body.div3.l229.w3
estlocus0,Musas,"Musas , Pallada Liberumque patrem ,",bunic02.croala1761880.croala-lat2w:front.app2.rdg2.div.l4.w1
estlocus4,Mycenaeo,"Monstra Mycenaeo domuitsuperat sub rege , timendus",bunic02.croala1761880.croala-lat2w:body.div1.l5.w2
estlocus1,Mysia,Iurabant nil scire tui . Scit Mysia quantum,bunic02.croala1761880.croala-lat2w:body.div1.l98.w6
estlocus0,Napaeae,", Napaeae !",bunic02.croala1761880.croala-lat2w:body.div1.l139.app.rdg2.w
estlocus0,Napaeas,Flumina te propter nymphas rapuisse Napaeas !,bunic02.croala1761880.croala-lat2w:body.div1.l94.w6
estlocus0,Napaeas,Scilicet hoc pulchras prodest uidisse Napaeas,bunic02.croala1761880.croala-lat2w:body.div1.l270.w6
estlocus1,Narbon,Ister et Illyrico ueniens a littore Narbon .,bunic02.croala1761880.croala-lat2w:body.div1.l229.w7
estlocus1,Naron,"Dalmaticus Naron , Phasis Phrygiusque Caycus ,",bunic02.croala1761880.croala-lat2w:body.div1.l225.w2
estlocus0,Nayadas,Nayadas aspicio spumantes ire per undas .,bunic02.croala1761880.croala-lat2w:body.div1.l129.w1
estlocus0,Nayadum,Numina Nayadum te sub sua regna tulisse .,bunic02.croala1761880.croala-lat2w:body.div1.l105.w2
estlocus0,Nayadum,"In caua Nayadum spumosae Doridos antra . """,bunic02.croala1761880.croala-lat2w:body.div1.l135.w3
estlocus1,Neapolitano,Reuerendissimo in Christo patri D. Oliuerio Carraphe Cardinali Neapolitano episcopo Sabinensi protectori Ragusino Iacobus Bonus,bunic02.croala1761880.croala-lat2w:front.app2.rdg2.div.head.app.rdg1.w8
estlocus0,Nelidae,"Nelidae auxilium ferret , uix saucius iram",bunic02.croala1761880.croala-lat2w:body.div3.l159.w1
estlocus1,Nemeaeo,Nudatumque clepit Nemeaeo tegmine corpus,bunic02.croala1761880.croala-lat2w:body.div2.l160.w3
estlocus0,Neptunia,Quum Notus aut Aquilo Neptunia concutit arua .,bunic02.croala1761880.croala-lat2w:body.div2.l32.w5
estlocus0,Neptuno,"Tela trisulca Ioui , Neptuno fuscina , Phoebo",bunic02.croala1761880.croala-lat2w:body.div2.l119.w4
estlocus0,Neptunum,"Quae Tethym et Neptunum et te , Tritonia Pallas ,",bunic02.croala1761880.croala-lat2w:body.div1.l281.w4
estlocus0,Nerea,"Tergore pinnifero , uolucri quom Nerea curru",bunic02.croala1761880.croala-lat2w:body.div1.l209.w5
estlocus0,Nerea,Nerea delapsi uastum comitantur in aequor,bunic02.croala1761880.croala-lat2w:body.div1.l218.w1
estlocus0,Nerei,"Hoc currum Nerei , infidiiniustiinfidi hoc miracula ponti ,",bunic02.croala1761880.croala-lat2w:body.div1.l272.w3
estlocus0,Nereidum,Nereidum sic laeta cohors fluuiique sonantes,bunic02.croala1761880.croala-lat2w:body.div1.l217.w1
estlocus0,Nereidumque,"Nereidumque choros et Doridos antra marinae ,",bunic02.croala1761880.croala-lat2w:body.div1.l271.w1
estlocus0,Nereo,"O Hymenaee , tibi magno pulcherrima Nereo",bunic02.croala1761880.croala-lat2w:body.div1.l159.w6
estlocus0,Nereus,Agmina nam propior cupiebat iungere Nereus,bunic02.croala1761880.croala-lat2w:body.div1.l211.w6
estlocus0,Nereus,"Atria grandaeuus pulchra cum coniuge Nereus ,",bunic02.croala1761880.croala-lat2w:body.div1.l276.w6
estlocus0,Neritium,Hoc et Neritium cantu sopisset Vlixem,bunic02.croala1761880.croala-lat2w:body.div3.l319.w3
estlocus1,Nessumque,Ad Rhodani ripas sternis Nessumque latronemque,bunic02.croala1761880.croala-lat2w:body.div3.l339.w5
estlocus1,Nesti,Quum leo descendit poturus flumina Nesti,bunic02.croala1761880.croala-lat2w:body.div3.l121.w6
estlocus0,Nestoreaeque,Nestoreaeque memor fuerat Saturnius aulae ;,bunic02.croala1761880.croala-lat2w:body.div3.l157.w1
estlocus1,Nilus,Et septemgeminus secreto Nilus ab ortu,bunic02.croala1761880.croala-lat2w:body.div1.l222.w4
estlocus0,Nympharumque,"Nympharumque chori , uasto genetricis in antro",bunic02.croala1761880.croala-lat2w:body.div1.l162.w1
estlocus1,Nyphates,"Corniger Eridanus , Liparis , Moedusque Nyphates",bunic02.croala1761880.croala-lat2w:body.div1.l227.w5
estlocus1,Oaxis,DillectusqueDilectusque Lycus nymphis et fuluus Oaxis,bunic02.croala1761880.croala-lat2w:body.div1.l220.w5
estlocus4,Oceani,"Praecipue Oceani thalamos , ipsoque canebat",bunic02.croala1761880.croala-lat2w:body.div1.l173.w2
estlocus4,Oceani,"Oceani , scopulis sed firma sonantibus haeret",bunic02.croala1761880.croala-lat2w:body.div2.l204.w1
estlocus4,Oceano,"Dignum erit Oceano . Ite , citos mihi ducite currus ,",bunic02.croala1761880.croala-lat2w:body.div1.l179.w3
estlocus4,Oceanoque,"Oceanoque fuga pulsae maria alta petebant ,",bunic02.croala1761880.croala-lat2w:body.div2.l23.w1
estlocus4,Oceanum,Oceanum terras magnis discumbere mensis,bunic02.croala1761880.croala-lat2w:body.div1.l274.w1
estlocus4,Oceanum,"Oceanum mentemque Iouis cum coniuge saeua ,",bunic02.croala1761880.croala-lat2w:body.div1.l280.w1
estlocus4,Oceanus,Oceanus magnoque tubae clangore uocabant,bunic02.croala1761880.croala-lat2w:body.div1.l188.w1
estlocus0,Oceanus,Oceanus Scythico balaenis aequore iunctis,bunic02.croala1761880.croala-lat2w:body.div2.l6.w1
estlocus0,Oceanus,"Tum pater Oceanus casum miseratus iniquumacerbum ,",bunic02.croala1761880.croala-lat2w:body.div2.l41.w3
estlocus0,Oeagro,"Edidit Oeagro conceptum flumine , cymba",bunic02.croala1761880.croala-lat2w:body.div2.l89.w2
estlocus1,Oechalicas,"Victor , et Oechalicas euertit funditus arces .",bunic02.croala1761880.croala-lat2w:body.div1.l6.w3
estlocus1,Oethei,"Colchon , et Oethei ducebat Phasydos undas ,",bunic02.croala1761880.croala-lat2w:body.div1.l116.w3
estlocus1,Olympi,"Exortusque petunt alii bipatentis Olympi ,",bunic02.croala1761880.croala-lat2w:body.div1.l314.w5
estlocus1,Olympi,"Quis deus haec superi praedicere posset Olympi ,",bunic02.croala1761880.croala-lat2w:body.div2.l271.w7
estlocus1,Olympi,""" Principio architenens excelsi rector Olympi ,",bunic02.croala1761880.croala-lat2w:body.div3.l1.w5
estlocus1,Olympi,"Sustollam super astra deoque aequabor Olympi . """,bunic02.croala1761880.croala-lat2w:body.div3.l104.w6
estlocus1,Olympi,Prodiit et uenit dii sub lumen Olympi .,bunic02.croala1761880.croala-lat2w:body.div3.l155.w7
estlocus1,Olympi,"Vos quoque uocales magni Syrenes Olympi ,",bunic02.croala1761880.croala-lat2w:body.div3.l228.w6
estlocus1,Olympo,"Tu uotis fruerefruerere tuis , foret alter Olympo",bunic02.croala1761880.croala-lat2w:body.div2.l61.w6
estlocus1,Olympo,Ignaros homines a summo auertit Olympo,bunic02.croala1761880.croala-lat2w:body.div3.l19.w6
estlocus1,Olympo,"Aetherii , diuos summo formauit Olympo .",bunic02.croala1761880.croala-lat2w:body.div3.l86.w5
estlocus1,Olympo,"Et summi mens alta dei , quo maior Olympo",bunic02.croala1761880.croala-lat2w:body.div3.l92.w8
estlocus1,Olympum,Fert quaeque aetherium subter nascuntur Olympum !,bunic02.croala1761880.croala-lat2w:body.div2.l249.w6
estlocus1,Olympum,"Scandit ad aetherium tecum sublimis Olympum . """,bunic02.croala1761880.croala-lat2w:body.div2.l290.w6
estlocus1,Olympus,"Quantus Olympus , Athos quantus , uel nubifer Atlas",bunic02.croala1761880.croala-lat2w:body.div3.l194.w2
estlocus4,Orbe,"Orbe trahens , causa et tantae uenit ecce procellae :",bunic02.croala1761880.croala-lat2w:body.div2.l21.w1
estlocus4,Orbes,Orbes quem decimum uocant Leonem .,bunic02.croala1761880.croala-lat2w:front.app2.rdg2.div.l9.app.rdg2.w1
estlocus1,Orcadas,Orcadas et magnos rapiat fuga in aequora montes .,bunic02.croala1761880.croala-lat2w:body.div2.l27.w1
estlocus0,Orci,"Quamuis inferni trita est uia , uos tamen Orci",bunic02.croala1761880.croala-lat2w:body.div1.l28.w8
estlocus4,Orci,Et Stygias seruare domos dedit arbiter Orci .,bunic02.croala1761880.croala-lat2w:body.div2.l186.w7
estlocus4,Orci,Sed neque Cocyti nox importuna nec Orci,bunic02.croala1761880.croala-lat2w:body.div2.l257.w7
estlocus4,Orci,Faucibus e mediis mediisque ex ignibus Orci,bunic02.croala1761880.croala-lat2w:body.div3.l142.w7
estlocus4,Orci,Coniugis Admeti furuis e sedibus Orci,bunic02.croala1761880.croala-lat2w:body.div3.l344.w6
estlocus0,Orco,Cernit ibi plures tristi quos miserat Orco :,bunic02.croala1761880.croala-lat2w:body.div1.l75.w7
estlocus4,Orco,Laurifer Eurotas et nigro excussus ab Orco,bunic02.croala1761880.croala-lat2w:body.div1.l226.w7
estlocus4,Orco,Scilicet in terris meruit . Non protinus Orco,bunic02.croala1761880.croala-lat2w:body.div3.l173.w7
estlocus4,Orco,"Mature ut talis discedat pestis ab Orco ! """,bunic02.croala1761880.croala-lat2w:body.div3.l258.w7
estlocus4,Orcum,Orcum,bunic02.croala1761880.croala-lat2w:body.div1.l287.app.rdg2.w
estlocus4,Orcum,"Alter monstrat iter , caligantem alter ad Orcum .",bunic02.croala1761880.croala-lat2w:body.div3.l13.w7
estlocus4,Orcum,Ductor erat ? Quo tanta lues inuaserit Orcum,bunic02.croala1761880.croala-lat2w:body.div3.l69.w7
estlocus4,Orcum,Vertitur acta manu dextra ceu fulmen et Orcum,bunic02.croala1761880.croala-lat2w:body.div3.l247.w8
estlocus4,Orcus,Spiritus ater olens uasto et fremit Orcus hiatu .,bunic02.croala1761880.croala-lat2w:body.div1.l24.w7
estlocus4,Orcus,Diuulsam membris animam insaturabilis Orcus,bunic02.croala1761880.croala-lat2w:body.div2.l43.w5
estlocus4,Orcus,Iamque nouem uenit quo cingitur orbibus Orcus,bunic02.croala1761880.croala-lat2w:body.div2.l263.w7
estlocus4,Orcus,"Cingitur Orcus inops , quid claudit machina tanta ? """,bunic02.croala1761880.croala-lat2w:body.div2.l303.w2
estlocus4,Orcus,"Quos rabies aeterna tenet , quos Orcus et aer",bunic02.croala1761880.croala-lat2w:body.div3.l113.w6
estlocus4,Orcus,Amphitryoniadae pro munere tradidit Orcus .,bunic02.croala1761880.croala-lat2w:body.div3.l271.w5
estlocus0,Orgia,"Orgia quom celebrant euantes tygribus "" Euan ! """,bunic02.croala1761880.croala-lat2w:body.div1.l214.w1
estlocus0,Orithya,"Cymothoe,Cymodoceque,CymothoequeLegaeaqueSpio et flaua Orithya ,",bunic02.croala1761880.croala-lat2w:body.div1.l167.w3
estlocus0,Orphea,"Orphea nam memini , quem candida Calliopea",bunic02.croala1761880.croala-lat2w:body.div2.l88.w1
estlocus0,Orpheo,"Restituit manes abreptae coniugis Orpheo ,",bunic02.croala1761880.croala-lat2w:body.div2.l106.w5
estlocus0,Orpheus,Impatiens ! Quoties fallax mihi dixerat Orpheus,bunic02.croala1761880.croala-lat2w:body.div1.l93.w6
estlocus0,Orpheus,"Alcide , neque te frater neque Thracius Orpheus",bunic02.croala1761880.croala-lat2w:body.div1.l109.w7
estlocus0,Orpheus,"Talia dum cantu celebrat Rhodopeius Orpheus ,",bunic02.croala1761880.croala-lat2w:body.div2.l100.w6
estlocus0,Orpheus,"Orpheus et superas remeauit uictor ad auras . """,bunic02.croala1761880.croala-lat2w:body.div2.l107.w1
estlocus0,Orthrya,Orthrya dicebat diuino carmina cantu,bunic02.croala1761880.croala-lat2w:body.div3.l313.w1
estlocus1,Ossa,Fulmine et excussa lapsos obtriuimus Ossa .,bunic02.croala1761880.croala-lat2w:body.div2.l234.w6
estlocus1,Pachinni,"Quantaque Caucasei dorsi iuga , quanta Pachinni",bunic02.croala1761880.croala-lat2w:body.div3.l196.w6
estlocus0,Pallada,"Musas , Pallada Liberumque patrem ,",bunic02.croala1761880.croala-lat2w:front.app2.rdg2.div.l4.w2
estlocus0,Palladis,Alcides multa pollens ui et Palladis arte,bunic02.croala1761880.croala-lat2w:body.div3.l238.w6
estlocus0,Pallas,"Quae Tethym et Neptunum et te , Tritonia Pallas ,",bunic02.croala1761880.croala-lat2w:body.div1.l281.w8
estlocus0,Pallor,"Pallor iit , nox orta oculis , labefactaque terram",bunic02.croala1761880.croala-lat2w:body.div1.l132.w1
estlocus0,Pallor,"Luctus et algificus Pallor , Dolor improbus ipsam",bunic02.croala1761880.croala-lat2w:body.div2.l255.w4
estlocus1,Paphiam,"Diuas , quae Paphiam deam colentem",bunic02.croala1761880.croala-lat2w:front.app2.rdg2.div.l1.w3
estlocus0,Parcae,"Cuncta , ratis Parcae quae uoluunt stamina fusis ,",bunic02.croala1761880.croala-lat2w:body.div3.l287.w3
estlocus0,Parcas,"Funera , crudeles Parcas matrumque hymenaeos . """,bunic02.croala1761880.croala-lat2w:body.div2.l330.w3
estlocus1,Parrhasius,"Parrhasius serpens , ignisque erructateructat ad auras",bunic02.croala1761880.croala-lat2w:body.div1.l38.w1
estlocus0,Pastorumque,Pastorumque greges per pascua laeta uagantur .,bunic02.croala1761880.croala-lat2w:body.div1.l243.w1
estlocus1,Patarea,Flammiferae seu templa colis Patarea Chimaerae .,bunic02.croala1761880.croala-lat2w:body.div1.l13.w5
estlocus0,Pelectronios,Atque Pelectronios laphitaslapitasLapithas Rhetumque Pholumque,bunic02.croala1761880.croala-lat2w:body.div1.l77.w2
estlocus1,Pergama,Perfida Carthago deuictaque Pergama flammis,bunic02.croala1761880.croala-lat2w:body.div1.l18.w4
estlocus1,Pergameis,Cuspide Pergameis perfodit lancea campis .,bunic02.croala1761880.croala-lat2w:body.div3.l187.w2
estlocus1,Perrhebi,Qualis Apollineo Perrhebi uertice Pindi,bunic02.croala1761880.croala-lat2w:body.div3.l120.w3
estlocus0,Persephones,Sed si Persephones rutilantis uirga metalli,bunic02.croala1761880.croala-lat2w:body.div2.l85.w3
estlocus0,Persephones,Persephones . Quare infestum si comminus agmen,bunic02.croala1761880.croala-lat2w:body.div2.l215.w1
estlocus0,Persephones,""" Tristia Persephones clauduntur regna noueno",bunic02.croala1761880.croala-lat2w:body.div2.l305.w2
estlocus0,Phanetis,"Nox tulit , adfugiens ErebumOrcum , Phanetis amores ;",bunic02.croala1761880.croala-lat2w:body.div1.l287.w4
estlocus0,Pharii,Atque cruentatam Pharii Busiridis umbram .,bunic02.croala1761880.croala-lat2w:body.div1.l79.w3
estlocus1,Phasis,"Dalmaticus Naron , Phasis Phrygiusque Caycus ,",bunic02.croala1761880.croala-lat2w:body.div1.l225.w3
estlocus1,Phasydos,"Colchon , et Oethei ducebat Phasydos undas ,",bunic02.croala1761880.croala-lat2w:body.div1.l116.w5
estlocus0,Pherusa,Tresque simul iuuenes : Glaucis nitidisque Pherusa,bunic02.croala1761880.croala-lat2w:body.div1.l197.w6
estlocus0,Philippi,Philippi Beroaldi Hexasticon .,bunic02.croala1761880.croala-lat2w:back.app.rdg1.div.head.w1
estlocus1,Phlegethonta,Phlegethonta,bunic02.croala1761880.croala-lat2w:body.div2.l53.app.rdg2.w
estlocus1,Phlegeton,"Panditis et Phlegeton quos gurgite lustrat adusto ,",bunic02.croala1761880.croala-lat2w:body.div1.l30.w3
estlocus1,Phlegeton,"Semina , quae Phlegeton dias produxit in oras ,",bunic02.croala1761880.croala-lat2w:body.div2.l98.w3
estlocus1,Phlegeton,"En quae castra uomit Phlegeton , quod Tartarus agmen",bunic02.croala1761880.croala-lat2w:body.div3.l64.w5
estlocus1,Phlegeton,"Et Phlegeton et Nox , quam discolor ambit amictus :",bunic02.croala1761880.croala-lat2w:body.div3.l214.w2
estlocus1,Phlegetonta,Phlegetonta,bunic02.croala1761880.croala-lat2w:body.div2.l53.app.rdg3.w
estlocus1,Phlegetonte,Fas Phlegetonte tenet placidoque in flumine Laethes,bunic02.croala1761880.croala-lat2w:body.div1.l296.w2
estlocus1,Phlegetontis,Tum specus horrendum et fauces Phlegetontis anheli,bunic02.croala1761880.croala-lat2w:body.div3.l272.w6
estlocus1,Phlegraea,Atque tot anguipedes Phlegraea ualle Gigantas,bunic02.croala1761880.croala-lat2w:body.div2.l233.w4
estlocus0,Phlegyae,Quoi Phlegyae genus inuiso de sanguine Martis :,bunic02.croala1761880.croala-lat2w:body.div2.l304.w2
estlocus1,Phlegyda,""" O Phlegyda "" , Alcides inquit , "" quid tanta gerat uis ? """,bunic02.croala1761880.croala-lat2w:body.div3.l66.w2
estlocus0,Phocarumque,Phocarumque greges magnarum et monstra rotarum,bunic02.croala1761880.croala-lat2w:body.div2.l17.w1
estlocus0,Phoebe,"Numine , Phoebe , potens uario , siue aurea princeps",bunic02.croala1761880.croala-lat2w:body.div1.l8.w2
estlocus0,Phoebe,"Mille deos secum rapuit , ceu lucida Phoebe",bunic02.croala1761880.croala-lat2w:body.div3.l107.w7
estlocus0,Phoebeis,Ecce coronati Phoebeis frondibus adsunt,bunic02.croala1761880.croala-lat2w:body.div3.l332.w3
estlocus0,Phoebi,Quin etiam Phoebi tripodes inimica canebant,bunic02.croala1761880.croala-lat2w:body.div1.l104.w3
estlocus0,Phoebi,"Obtestor Phoebi et Dircaei Amphionis urbem ,",bunic02.croala1761880.croala-lat2w:body.div2.l47.w2
estlocus0,Phoebi,Sed lyra iam reticet lassi Cyllenia Phoebi .,bunic02.croala1761880.croala-lat2w:body.div3.l347.w7
estlocus0,Phoebo,"Tela trisulca Ioui , Neptuno fuscina , Phoebo",bunic02.croala1761880.croala-lat2w:body.div2.l119.w6
estlocus0,Pholumque,Atque Pelectronios laphitaslapitasLapithas Rhetumque Pholumque,bunic02.croala1761880.croala-lat2w:body.div1.l77.w4
estlocus0,Phorcidos,Exequar ? Harpyiaeque et Phorcidos umbra Medusae,bunic02.croala1761880.croala-lat2w:body.div1.l41.w4
estlocus1,Phrygia,""" Foelix Troianus Phrygia uenator ab Ida """,bunic02.croala1761880.croala-lat2w:body.div1.l259.w3
estlocus1,Phrygiis,"Foelix ille puer Phrygiis in montibus Atys ,",bunic02.croala1761880.croala-lat2w:body.div1.l262.w4
estlocus1,Phrygiusque,"Dalmaticus Naron , Phasis Phrygiusque Caycus ,",bunic02.croala1761880.croala-lat2w:body.div1.l225.w4
estlocus0,Pierides,"Soluite , Pierides , choreas et claudite fontes",bunic02.croala1761880.croala-lat2w:body.div3.l348.w2
estlocus0,Pieridum,Pieridum te turba choro ludente coronat,bunic02.croala1761880.croala-lat2w:body.div1.l10.w1
estlocus4,Pimplea,Diua mihi Pimplea refer ! - - - Dux agmine Pluto,bunic02.croala1761880.croala-lat2w:body.div3.l70.w3
estlocus1,Pindi,Qualis Apollineo Perrhebi uertice Pindi,bunic02.croala1761880.croala-lat2w:body.div3.l120.w5
estlocus0,Pirithoi,Hic quoque Pirithoi sese obuia protulit umbra .,bunic02.croala1761880.croala-lat2w:body.div2.l267.w3
estlocus0,Plurima,Plurima sint passim uiuis magalia saxis,bunic02.croala1761880.croala-lat2w:body.div1.l245.w1
estlocus0,Plurima,Plurima laetanti testatus gaudia uultu .,bunic02.croala1761880.croala-lat2w:body.div1.l301.w1
estlocus0,Pluto,Victus et infernus blanda dulcedine Pluto,bunic02.croala1761880.croala-lat2w:body.div2.l105.w6
estlocus0,Pluto,Pluto tenet gestatque suam Diana pharetram ?,bunic02.croala1761880.croala-lat2w:body.div2.l122.w1
estlocus0,Pluto,Pluto gerat uetitisque petat procursibus Aetnam .,bunic02.croala1761880.croala-lat2w:body.div2.l200.w1
estlocus0,Pluto,Diua mihi Pimplea refer ! - - - Dux agmine Pluto,bunic02.croala1761880.croala-lat2w:body.div3.l70.w7
estlocus0,Pluto,"Respondit Pluto : "" Magni uis Herculis ingens",bunic02.croala1761880.croala-lat2w:body.div3.l254.w2
estlocus0,Plutonis,Transulcare rati magnam Plutonis ad arcem .,bunic02.croala1761880.croala-lat2w:body.div2.l116.w4
estlocus0,Plutonis,"Plutonis domus et summi Iouis alta potestas ,",bunic02.croala1761880.croala-lat2w:body.div3.l42.w1
estlocus0,Polyphaemi,Sidat et in uastum Polyphaemi Cyclopis antrum,bunic02.croala1761880.croala-lat2w:body.div3.l263.w5
estlocus0,Polyphaemus,Obuius at Cyclops trunco Polyphaemus obusto,bunic02.croala1761880.croala-lat2w:body.div3.l266.w5
estlocus0,Proserpina,Quisque deus sua signa gerit . - - - Proserpina quondam,bunic02.croala1761880.croala-lat2w:body.div2.l123.w6
estlocus0,Protheus,Inter quas Protheus cythara recinebat eburna,bunic02.croala1761880.croala-lat2w:body.div1.l171.w3
estlocus0,Protoque,Protoque Meliteque TaliaqueThaliaque DotoqueDoto Ieraque,bunic02.croala1761880.croala-lat2w:body.div1.l164.w1
estlocus0,Puniceo,Puniceo ille Satan surgebat Lucifer ortu .,bunic02.croala1761880.croala-lat2w:body.div3.l89.w1
estlocus4,Pylium,Praeterea Pylium nec adhuc aboleuerat ulcus,bunic02.croala1761880.croala-lat2w:body.div3.l156.w2
estlocus0,RACVSAEI,IACOBI BONI RACVSAEI SVB FIGVRA HERCVLIS CHRISTI PRAELVDIVM DEDICATVM LEONI X PONT. MAX. LIBER PRIMVS : AGLAIA,bunic02.croala1761880.croala-lat2w:body.div1.head.w3
estlocus0,RACVSAEI,IACOBI BONI RACVSAEI CHRISTI SVB FIGVRA HERCVLIS PRAELVDIVM LEONI X PONT. MAX. DICATVM LIBER SECVNDVS : THALIA,bunic02.croala1761880.croala-lat2w:body.div2.head.w3
estlocus0,RACVSAEI,IACOBI BONI RACVSAEI CHRISTI SVB FIGVRA HERCVLIS PRAELVDIVM DEDICATVM LEONI X PONT. MAX. LIBER TERTIVS : EVPHROSYNA,bunic02.croala1761880.croala-lat2w:body.div3.head.w3
estlocus0,RACVSAEORVM,IACOBVS BONVS RACVSAEORVM ORATOR AD LEONEM DECIMVM PONT. MAX.,bunic02.croala1761880.croala-lat2w:front.app2.rdg2.div.head.app.rdg2.w3
estlocus0,Ragusino,Reuerendissimo in Christo patri D. Oliuerio Carraphe Cardinali Neapolitano episcopo Sabinensi protectori Ragusino Iacobus Bonus,bunic02.croala1761880.croala-lat2w:front.app2.rdg2.div.head.app.rdg1.w12
estlocus0,Rhadamantus,"Aeacus Europae gentes , Rhadamantus Eoas",bunic02.croala1761880.croala-lat2w:body.div3.l46.w4
estlocus0,Rhea,"Es mater tu , Rhea , mihi , non foemina pellex .",bunic02.croala1761880.croala-lat2w:body.div3.l167.w4
estlocus0,Rhetumque,Atque Pelectronios laphitaslapitasLapithas Rhetumque Pholumque,bunic02.croala1761880.croala-lat2w:body.div1.l77.w3
estlocus1,Rhodani,Ad Rhodani ripas sternis Nessumque latronemque,bunic02.croala1761880.croala-lat2w:body.div3.l339.w2
estlocus1,Rhodanusque,"Auratoque Tagus uultu Rhodanusque bicornis ,",bunic02.croala1761880.croala-lat2w:body.div1.l223.w4
estlocus1,Rhodopeius,"Talia dum cantu celebrat Rhodopeius Orpheus ,",bunic02.croala1761880.croala-lat2w:body.div2.l100.w5
estlocus0,Romulidum,"Quoi non Romulidum referuntur proelia , quoi non",bunic02.croala1761880.croala-lat2w:body.div1.l17.w3
estlocus0,Sabinensi,Reuerendissimo in Christo patri D. Oliuerio Carraphe Cardinali Neapolitano episcopo Sabinensi protectori Ragusino Iacobus Bonus,bunic02.croala1761880.croala-lat2w:front.app2.rdg2.div.head.app.rdg1.w10
estlocus1,Sami,Nam regina Sami partu sub uentre retento,bunic02.croala1761880.croala-lat2w:body.div3.l181.w3
estlocus0,Satan,"Proximus it iuxtaque Satan , quo nulla barathro",bunic02.croala1761880.croala-lat2w:body.div3.l74.w4
estlocus0,Satan,Puniceo ille Satan surgebat Lucifer ortu .,bunic02.croala1761880.croala-lat2w:body.div3.l89.w3
estlocus0,Saturne,"Vexerunt et te gelidi , Saturne , iugales .",bunic02.croala1761880.croala-lat2w:body.div1.l291.w5
estlocus0,Saturne,""" Tu genitor , Saturne , mihi , tu , regia Iuno ,",bunic02.croala1761880.croala-lat2w:body.div3.l165.w3
estlocus0,Saturnia,"Iuppiter Alcides , Saturnia regna redirent .",bunic02.croala1761880.croala-lat2w:body.div2.l62.w3
estlocus0,Saturnius,Nestoreaeque memor fuerat Saturnius aulae ;,bunic02.croala1761880.croala-lat2w:body.div3.l157.w4
estlocus1,Scyllaque,"Scyllaque , Circaeis quoi latrant inguina monstris ,",bunic02.croala1761880.croala-lat2w:body.div1.l35.w1
estlocus1,Scythico,Oceanus Scythico balaenis aequore iunctis,bunic02.croala1761880.croala-lat2w:body.div2.l6.w2
estlocus1,Smyrneusque,Smyrneusque Meles et multo Marte notatus,bunic02.croala1761880.croala-lat2w:body.div1.l228.w1
estlocus4,Solque,Solque recedentes radiis dispescuit umbras,bunic02.croala1761880.croala-lat2w:body.div2.l3.w1
estlocus4,Solque,"Solque dator lucis , caeli cor mensque profundi ,",bunic02.croala1761880.croala-lat2w:body.div3.l227.w1
estlocus1,Spartano,"Spartano praetenta sinu , qua Ditis anhelat",bunic02.croala1761880.croala-lat2w:body.div1.l23.w1
estlocus1,Sperchios,"Sperchios , Ilerda ,",bunic02.croala1761880.croala-lat2w:body.div1.l219.app.rdg1.w1
estlocus1,Sperchius,Sperchius et Arar,bunic02.croala1761880.croala-lat2w:body.div1.l219.app.rdg2.w1
estlocus0,Spio,Cymothoeque Legaeaque Spio,bunic02.croala1761880.croala-lat2w:body.div1.l167.app.rdg2.w3
estlocus0,Spioque,"Liminoriaque , Acteique , Spioque ,",bunic02.croala1761880.croala-lat2w:body.div1.l166.app.rdg1.w3
estlocus1,Strymon,"Immixti nymphis : Strymon , Sperchios,Ilerda,SperchiusetArar",bunic02.croala1761880.croala-lat2w:body.div1.l219.w3
estlocus1,Styga,Causabarque deos furto . Mihi per Styga cuncti,bunic02.croala1761880.croala-lat2w:body.div1.l97.w6
estlocus1,Stygia,Scilicet ignaui Stygia torpebimus aula,bunic02.croala1761880.croala-lat2w:body.div2.l240.w3
estlocus1,Stygiae,Iamque propinquabat Stygiae qua portitor undae,bunic02.croala1761880.croala-lat2w:body.div1.l62.w3
estlocus1,Stygiae,Proripit Alcides Stygiae se ad stagna paludis .,bunic02.croala1761880.croala-lat2w:body.div2.l71.w3
estlocus1,Stygiae,Thaesea quom Stygiae uinctum duxere cateruae ;,bunic02.croala1761880.croala-lat2w:body.div2.l281.w3
estlocus1,Stygiae,Et Stygiae dant signa canes . Quis nube cruenta,bunic02.croala1761880.croala-lat2w:body.div3.l68.w2
estlocus1,Stygiamque,Iussit adire domos Erebi Stygiamque paludem,bunic02.croala1761880.croala-lat2w:body.div2.l115.w5
estlocus1,Stygias,"Euentus quibus , heu , Stygias detrusus ad undas",bunic02.croala1761880.croala-lat2w:body.div1.l143.w4
estlocus1,Stygias,"Heu , nimium infoelix - - - Stygias inhumatus arenas",bunic02.croala1761880.croala-lat2w:body.div1.l266.w4
estlocus1,Stygias,Quo Stygias prostratus aquas custodit et alta,bunic02.croala1761880.croala-lat2w:body.div2.l149.w2
estlocus1,Stygias,Et Stygias seruare domos dedit arbiter Orci .,bunic02.croala1761880.croala-lat2w:body.div2.l186.w2
estlocus1,Stygias,Triplex ergo caput Stygias auersus ad umbras,bunic02.croala1761880.croala-lat2w:body.div3.l279.w4
estlocus1,Stygii,Quum Iouis ante thronum Stygii collabitur atque,bunic02.croala1761880.croala-lat2w:body.div2.l176.w5
estlocus1,Stygii,"Inflauit , Stygii quo protinus ardua regni",bunic02.croala1761880.croala-lat2w:body.div2.l191.w2
estlocus1,Stygii,Postquam autem Stygii tempestas atra tyranni,bunic02.croala1761880.croala-lat2w:body.div3.l115.w3
estlocus1,Stygii,Tunc ambage noua Stygii timor iraque mentem,bunic02.croala1761880.croala-lat2w:body.div3.l145.w4
estlocus1,Stygiique,Inuasit Stygiique ferox sacraria regni,bunic02.croala1761880.croala-lat2w:body.div1.l26.w2
estlocus1,Stygiis,Deuorat ; haec Stygiis centum damnata per annos,bunic02.croala1761880.croala-lat2w:body.div2.l44.w3
estlocus1,Stygios,Tramitibus uariis Stygios merguntur in ignes .,bunic02.croala1761880.croala-lat2w:body.div3.l38.w3
estlocus1,Stygium,Inferna Stygium de regione canem .,bunic02.croala1761880.croala-lat2w:back.app.rdg1.div.l2.w2
estlocus1,Stymphalidas,"Aeripedem ceruam , taurum , Stymphalidas , hortos",bunic02.croala1761880.croala-lat2w:body.div3.l336.w4
estlocus1,Styx,"Styx tacet atra palus , mutescunt triste sonantis",bunic02.croala1761880.croala-lat2w:body.div3.l203.w1
estlocus0,Syrenes,"Vos quoque uocales magni Syrenes Olympi ,",bunic02.croala1761880.croala-lat2w:body.div3.l228.w5
estlocus1,Syrtica,Ac uelut Assyrios saltus aut Syrtica linquens,bunic02.croala1761880.croala-lat2w:body.div3.l259.w6
estlocus1,Taenara,"Taenara et Aetnaeis torrens Vulcanus ab antris ,",bunic02.croala1761880.croala-lat2w:body.div3.l129.w1
estlocus1,Taenarias,Taenarias fauces et debellata profundi,bunic02.croala1761880.croala-lat2w:body.div1.l1.w1
estlocus1,Tagus,"Auratoque Tagus uultu Rhodanusque bicornis ,",bunic02.croala1761880.croala-lat2w:body.div1.l223.w2
estlocus1,Tarento,Hic Ephyrea ratis Calabro resoluta Tarento,bunic02.croala1761880.croala-lat2w:body.div3.l308.w6
estlocus1,Tartara,"Qua regit Elysium , qua Tartara quaque subimouoraci",bunic02.croala1761880.croala-lat2w:body.div1.l295.w5
estlocus1,Tartara,Quod statuit ferri ipsa sibi sub Tartara munus,bunic02.croala1761880.croala-lat2w:body.div2.l124.w7
estlocus1,Tartareae,Et uos Tartareae secreta silentia noctis,bunic02.croala1761880.croala-lat2w:body.div1.l31.w3
estlocus1,Tartareas,Tartareas audere et contra daemonas omnes .,bunic02.croala1761880.croala-lat2w:body.div3.l144.w1
estlocus1,Tartarei,Tartarei : hanc longo suspendit porticus arcu,bunic02.croala1761880.croala-lat2w:body.div2.l141.w1
estlocus1,Tartareis,Eripe Tartareis miserandum Thaesea uinclis !,bunic02.croala1761880.croala-lat2w:body.div2.l286.w2
estlocus1,Tartareis,Tempora Tartareis ardentque in uertice cristae .,bunic02.croala1761880.croala-lat2w:body.div3.l73.w2
estlocus1,Tartareum,Tantane Tartareum tenet inclaementia regem ?,bunic02.croala1761880.croala-lat2w:body.div2.l334.w2
estlocus1,Tartarus,"En quae castra uomit Phlegeton , quod Tartarus agmen",bunic02.croala1761880.croala-lat2w:body.div3.l64.w7
estlocus1,Tartarus,Tartarus et tonitru longe domus alta remugit .,bunic02.croala1761880.croala-lat2w:body.div3.l237.w1
estlocus0,Taurum,Taurum linquat humi saeuumque assurgat in hostem ;,bunic02.croala1761880.croala-lat2w:body.div3.l268.w1
estlocus1,Taygetis,Taygetis si quando iugis descendit amantes,bunic02.croala1761880.croala-lat2w:body.div1.l215.w1
estlocus1,Tegeaeus,"Nec Tegeaeus Aper , nec quos puer enecat angues",bunic02.croala1761880.croala-lat2w:body.div3.l170.w2
estlocus0,Tethym,"Quae Tethym et Neptunum et te , Tritonia Pallas ,",bunic02.croala1761880.croala-lat2w:body.div1.l281.w2
estlocus0,Thaesea,Thaesea quom Stygiae uinctum duxere cateruae ;,bunic02.croala1761880.croala-lat2w:body.div2.l281.w1
estlocus0,Thaesea,Eripe Tartareis miserandum Thaesea uinclis !,bunic02.croala1761880.croala-lat2w:body.div2.l286.w4
estlocus0,Thaesea,Cornipedes adiunxit equos . Pete Thaesea mecum,bunic02.croala1761880.croala-lat2w:body.div3.l53.w5
estlocus0,Thaesea,Immo hoc praecipio uobis : date Thaesea magnum,bunic02.croala1761880.croala-lat2w:body.div3.l256.w6
estlocus0,Thaesea,Obiicit atque alium taurum . Sic Thaesea forti,bunic02.croala1761880.croala-lat2w:body.div3.l270.w6
estlocus0,Thaesei,"Nimbigenas domuit , uirtus subit aemula Thaesei ,",bunic02.croala1761880.croala-lat2w:body.div2.l293.w6
estlocus0,Thaliaque,Thaliaque,bunic02.croala1761880.croala-lat2w:body.div1.l164.app1.rdg2.w
estlocus0,Thermodontiaca,Thermodontiaca quocum pro coniuge bellum,bunic02.croala1761880.croala-lat2w:body.div2.l294.w1
estlocus0,Thesei,"Ostendas igitur , squallent quo languida Thesei",bunic02.croala1761880.croala-lat2w:body.div2.l300.w6
estlocus0,Theseo,Tu misero defensor ades tutellaque Theseo .,bunic02.croala1761880.croala-lat2w:body.div2.l274.w6
estlocus0,Thoi,"Atque Thoi atque Amatis atque aurea Gallianira ,",bunic02.croala1761880.croala-lat2w:body.div1.l169.w2
estlocus1,Thraces,Thraces equi et Veneris niuei pascuntur olores ;,bunic02.croala1761880.croala-lat2w:body.div1.l285.w1
estlocus1,Thracius,"Alcide , neque te frater neque Thracius Orpheus",bunic02.croala1761880.croala-lat2w:body.div1.l109.w6
estlocus1,Thracius,""" Thracius ad sedes Erebi descendere uates",bunic02.croala1761880.croala-lat2w:body.div2.l109.w1
estlocus1,Thymbraee,Non te ad uulgatum Thymbraee uocamus Apollo,bunic02.croala1761880.croala-lat2w:body.div1.l14.w5
estlocus1,Thyrintius,Quem contra breuibus fatur Thyrintius heros :,bunic02.croala1761880.croala-lat2w:body.div2.l108.w5
estlocus1,Thyrio,Hinc media puppi Thyrio stans lucidus ostro,bunic02.croala1761880.croala-lat2w:body.div3.l312.w4
estlocus0,Tisiphone,"Verbera Tisiphone , tacitae stant ignibus umbrae .",bunic02.croala1761880.croala-lat2w:body.div3.l202.w2
estlocus0,Titanum,Aut fera Titanum belli conamina nescit ?,bunic02.croala1761880.croala-lat2w:body.div1.l16.w3
estlocus0,Titone,"Te croceis , Titone , toris Aurora reliquit",bunic02.croala1761880.croala-lat2w:body.div2.l2.w3
estlocus0,Tritonia,"Quae Tethym et Neptunum et te , Tritonia Pallas ,",bunic02.croala1761880.croala-lat2w:body.div1.l281.w7
estlocus0,Tritonis,"Bellipotens Tritonis hera , intemerata uirago ,",bunic02.croala1761880.croala-lat2w:body.div3.l226.w2
estlocus1,Troiam,"Deiicis , euertis Troiam , tu Albionas imbre",bunic02.croala1761880.croala-lat2w:body.div3.l338.w3
estlocus1,Troianus,""" Foelix Troianus Phrygia uenator ab Ida """,bunic02.croala1761880.croala-lat2w:body.div1.l259.w2
estlocus1,Tybris,Et flauus Tybris cornuque Achelous adempto,bunic02.croala1761880.croala-lat2w:body.div1.l221.w3
estlocus0,Typhaeum,"En nostras trahit exuuias , qui bella Typhaeum",bunic02.croala1761880.croala-lat2w:body.div2.l230.w7
estlocus0,Veneris,Thraces equi et Veneris niuei pascuntur olores ;,bunic02.croala1761880.croala-lat2w:body.div1.l285.w4
estlocus0,Virginibus,Virginibus satyros cupiens miscere Lacaenis .,bunic02.croala1761880.croala-lat2w:body.div1.l216.w1
estlocus0,Virginis,"Virginis ora gerens et foedi crura draconis ,",bunic02.croala1761880.croala-lat2w:body.div3.l78.w1
estlocus0,Vlixem,Hoc et Neritium cantu sopisset Vlixem,bunic02.croala1761880.croala-lat2w:body.div3.l319.w6
estlocus4,Vrbis,Vrbis : que illyrici caput tenetur .,bunic02.croala1761880.croala-lat2w:front.app2.rdg2.div.l14.app.rdg1.w1
estlocus0,Vulcano,"Vulcano candente ferunt , qua buccina Martem",bunic02.croala1761880.croala-lat2w:body.div2.l198.w1
estlocus0,Vulcanus,"Taenara et Aetnaeis torrens Vulcanus ab antris ,",bunic02.croala1761880.croala-lat2w:body.div3.l129.w5
