estlocus0,Latinski,"Marko Marulić , Latinski stihovi",marul01.croala754085.croala-lat2w:front.docTitle.titlePart.w3,611
estlocus0,Titania,"Tu dabis ęternas , proles Titania , poenas :",marul01.croala754085.croala-lat2w:group.body.div.div1.l1.w5,697
estlocus0,Lycaone,De Lycaone in lupum,marul01.croala754085.croala-lat2w:group.body.div.div2.head.w2,760
estlocus0,Lycaon,"Haud docuit feritas sic te sęuire , Lycaon :",marul01.croala754085.croala-lat2w:group.body.div.div2.l1.w7,802
estlocus0,Phoebe,"Occubui telis , Phoebe superbe , tuis .",marul01.croala754085.croala-lat2w:group.body.div.div3.l2.w3,893
estlocus0,Peneia,Hęc laurus quondam uirgo Peneia Daphne,marul01.croala754085.croala-lat2w:group.body.div.div4.l1.w5,953
estlocus0,Argoę,Bosque fui Argoę tradita custodię .,marul01.croala754085.croala-lat2w:group.body.div.div5.l2.w3,1062
estlocus0,Idem,"Idem sexus inest : Iuppiter , ergo ueni !",marul01.croala754085.croala-lat2w:group.body.div.div6.l2.w1,1131
estlocus0,Europam,"Qualis ad Europam diceris isse , ueni .",marul01.croala754085.croala-lat2w:group.body.div.div7.l2.w3,1233
estlocus0,Phoebei,"Quo tibi , parue puer , Phoebei munera currus ?",marul01.croala754085.croala-lat2w:group.body.div.div8.l1.w5,1291
estlocus0,Iapete,"Phoetusa , Iapete , Phoebe",marul01.croala754085.croala-lat2w:group.body.div.div9.head.w2,1356
estlocus0,Phoebe,"Phoetusa , Iapete , Phoebe",marul01.croala754085.croala-lat2w:group.body.div.div9.head.w3,1364
estlocus1,Pade,"Phoetontis miseri fueramus , Pade , sorores .",marul01.croala754085.croala-lat2w:group.body.div.div9.l1.w4,1386
estlocus1,Pade,"Nunc populi ripę , maxime Pade , tuę .",marul01.croala754085.croala-lat2w:group.body.div.div9.l2.w5,1422
estlocus0,Lycaonis,"Calisto , Lycaonis filia",marul01.croala754085.croala-lat2w:group.body.div.div11.head.w2,1523
estlocus0,Idem,Idem,marul01.croala754085.croala-lat2w:group.body.div.div13.head.w,1701
estlocus4,Idea,"Nigrior Idea nunc es pice , corue , sed idem",marul01.croala754085.croala-lat2w:group.body.div.div13.l1.w2,1712
estlocus4,Sithonia,Sithonia fueras albior ipse niue .,marul01.croala754085.croala-lat2w:group.body.div.div13.l2.w1,1749
estlocus0,Cylenia,"Hic lapis est index , sed si Cylenia furta",marul01.croala754085.croala-lat2w:group.body.div.div17.l1.w7,2011
estlocus2,Thebeę,Nobile Thebeę surgat ut urbis opus .,marul01.croala754085.croala-lat2w:group.body.div.div19.l2.w2,2156
estlocus0,Idem,Idem,marul01.croala754085.croala-lat2w:group.body.div.div23.head.w,2401
estlocus4,Cęphiso,Arsit amans Echo Cęphiso flumine natum :,marul01.croala754085.croala-lat2w:group.body.div.div24.l1.w4,2496
estlocus4,Idei,Daphnidis Idei saxea fata docent .,marul01.croala754085.croala-lat2w:group.body.div.div30.l2.w2,2974
estlocusX,Salmacis,Salmacis et Hermaphroditus,marul01.croala754085.croala-lat2w:group.body.div.div31.head.w1,3001
estlocus0,Salmacis,"Dum fuit ignotus tibi , Salmacis , Hermaphroditus ,",marul01.croala754085.croala-lat2w:group.body.div.div31.l1.w5,3035
estlocus0,Mineides,"Mineides , Thebanę sorores",marul01.croala754085.croala-lat2w:group.body.div.div32.head.w1,3082
estlocus4,Thebanę,"Mineides , Thebanę sorores",marul01.croala754085.croala-lat2w:group.body.div.div32.head.w2,3090
estlocus0,Mineis,"Facta est Mineis , dum despicit orgia Bacchi ,",marul01.croala754085.croala-lat2w:group.body.div.div32.l1.w3,3109
estlocus0,Eolides,Eolides Athamas lustrans indagine siluas,marul01.croala754085.croala-lat2w:group.body.div.div34.l1.w1,3266
estlocus0,Pegasus,Pegasus equus,marul01.croala754085.croala-lat2w:group.body.div.div38.head.w1,3563
estlocus0,Pegase,"Pegase , pasce tuo mea disticha fonte ! Recusas ?",marul01.croala754085.croala-lat2w:group.body.div.div38.l1.w1,3574
estlocus0,Pegase,"At saltem lotio , Pegase , pasce tuo !",marul01.croala754085.croala-lat2w:group.body.div.div38.l2.w4,3629
estlocus0,Athlas,Athlas,marul01.croala754085.croala-lat2w:group.body.div.div39.head.w,3655
estlocus0,Athlas,Athlas Iapetides stellarum torquet Olympum,marul01.croala754085.croala-lat2w:group.body.div.div39.l1.w1,3662
estlocus0,Iapetides,Athlas Iapetides stellarum torquet Olympum,marul01.croala754085.croala-lat2w:group.body.div.div39.l1.w2,3667
estlocus1,Olympum,Athlas Iapetides stellarum torquet Olympum,marul01.croala754085.croala-lat2w:group.body.div.div39.l1.w5,3680
estlocus0,Athlas,Atque deos omnis sustinet unus Athlas .,marul01.croala754085.croala-lat2w:group.body.div.div39.l2.w6,3707
estlocus0,Idem,Idem,marul01.croala754085.croala-lat2w:group.body.div.div40.head.w,3722
estlocus0,Olympo,Signifero forsan nunquam premeretur Olympo,marul01.croala754085.croala-lat2w:group.body.div.div40.l1.w5,3745
estlocus0,Athlas,Hospitium Perseo ni uetuisset Athlas .,marul01.croala754085.croala-lat2w:group.body.div.div40.l2.w5,3768
estlocus0,Idem,Idem,marul01.croala754085.croala-lat2w:group.body.div.div44.head.w,3983
estlocus0,Cepheida,"Sero petis , Phineu , iunctam Cepheida Perseo :",marul01.croala754085.croala-lat2w:group.body.div.div44.l1.w5,4012
estlocus0,Pyreneus,Pyreneus e turri pręcipitatus,marul01.croala754085.croala-lat2w:group.body.div.div46.head.w1,4133
estlocus0,Castalidas,"Castalidas uiolare meas fuge , si sapis ; his qui",marul01.croala754085.croala-lat2w:group.body.div.div46.l1.w1,4152
estlocus0,Ęgeus,Ęgeus : errori crimen inesse solet .,marul01.croala754085.croala-lat2w:group.body.div.div47.l2.w1,4247
estlocus4,Chiron,Chiron,marul01.croala754085.croala-lat2w:group.body.div.div48.head.w,4281
estlocus4,Chirona,"In scopulos Chirona tibi fuge , nauita , uersum :",marul01.croala754085.croala-lat2w:group.body.div.div48.l1.w3,4296
estlocus4,Sithonia,Hęc patriam pretio Sithonia uendidit Arne :,marul01.croala754085.croala-lat2w:group.body.div.div49.l1.w4,4388
estlocus0,Mirmidones,Mirmidones,marul01.croala754085.croala-lat2w:group.body.div.div50.head.w,4440
estlocus0,Mirmidonas,Si formica potest ędere Mirmidonas !,marul01.croala754085.croala-lat2w:group.body.div.div50.l2.w5,4489
estlocus0,Cephalus,Procris et Cephalus,marul01.croala754085.croala-lat2w:group.body.div.div51.head.w3,4512
estlocus0,Aurora,"Ardet amans Aurora , fugit te , Cephale , Procris :",marul01.croala754085.croala-lat2w:group.body.div.div51.l1.w3,4527
estlocus0,Cephale,"Ardet amans Aurora , fugit te , Cephale , Procris :",marul01.croala754085.croala-lat2w:group.body.div.div51.l1.w6,4546
estlocus0,Idem,Idem,marul01.croala754085.croala-lat2w:group.body.div.div52.head.w,4601
estlocus0,Cephalus,Cephalus in Procrim,marul01.croala754085.croala-lat2w:group.body.div.div53.head.w1,4664
estlocus0,Scylla,Scylla,marul01.croala754085.croala-lat2w:group.body.div.div54.head.w,4755
estlocus0,Scylla,"Occidit Androgeus , pugnatur . Scylla capilli",marul01.croala754085.croala-lat2w:group.body.div.div54.l1.w4,4780
estlocus0,Scylla,Scylla,marul01.croala754085.croala-lat2w:group.body.div.div55.head.w,4828
estlocus0,Scylla,Scylla patrem fugiens fugiebat plumea Cyris .,marul01.croala754085.croala-lat2w:group.body.div.div55.l1.w1,4835
estlocus0,Nysus,Pone sequens natam Nysus alietos erat .,marul01.croala754085.croala-lat2w:group.body.div.div55.l2.w4,4877
estlocus4,Labyrinthus,"Perplexum Labyrinthus iter , uarius Minotaurus .",marul01.croala754085.croala-lat2w:group.body.div.div56.l1.w2,4918
estlocus0,Minois,"Thesea iuuit amor . Quem ni Minois amasset ,",marul01.croala754085.croala-lat2w:group.body.div.div57.l1.w6,5013
estlocus0,Icarus,Icarus,marul01.croala754085.croala-lat2w:group.body.div.div58.head.w,5057
estlocus2,Icarię,Improbus Icarię nomina fecit aquę .,marul01.croala754085.croala-lat2w:group.body.div.div58.l2.w2,5097
estlocus0,Herculea,Antheus Herculea sublatus in aera dextra,marul01.croala754085.croala-lat2w:group.body.div.div60.l1.w2,5208
estlocus0,Cinthia,"Cinthia , Proethidem quid curuo confodis arcu ?",marul01.croala754085.croala-lat2w:group.body.div.div61.l1.w1,5322
estlocus1,Herebi,Dux Herebi Pluton superas peruenit ad auras,marul01.croala754085.croala-lat2w:group.body.div.div62.l1.w2,5406
estlocus1,Nemeę,"Illo autore perit Nemeę leo bellua siluę ,",marul01.croala754085.croala-lat2w:group.body.div.div2.l5.w4,6058
estlocus4,Erimanthei,Ipsa Erimanthei feritas elanguit apri,marul01.croala754085.croala-lat2w:group.body.div.div2.l7.w2,6117
estlocus4,Stymphalidas,"Stymphalidas domat arcus aues tinnitus et ęris ,",marul01.croala754085.croala-lat2w:group.body.div.div2.l9.w1,6161
estlocus1,Creta,"Taurum , Creta , tuum tellus Argiua recępit",marul01.croala754085.croala-lat2w:group.body.div.div2.l11.w2,6231
estlocus2,Argiua,"Taurum , Creta , tuum tellus Argiua recępit",marul01.croala754085.croala-lat2w:group.body.div.div2.l11.w5,6247
estlocus0,Hesperidum,Mactato Hesperidum carpuntur poma dracone,marul01.croala754085.croala-lat2w:group.body.div.div2.l19.w2,6458
estlocus0,Herculeas,Herculeas uires uasti sensere Gygantes,marul01.croala754085.croala-lat2w:group.body.div.div2.l27.w1,6660
estlocus0,Centaurorum,Et Centaurorum uis ardens quadrupedantum,marul01.croala754085.croala-lat2w:group.body.div.div2.l29.w2,6709
estlocus4,Achelous,Victus Achelous propriis caput intulit undis,marul01.croala754085.croala-lat2w:group.body.div.div2.l31.w2,6757
estlocus1,Oechalię,Oechalię regno fidens Euritus – ab illo,marul01.croala754085.croala-lat2w:group.body.div.div2.l35.w1,6866
estlocus0,Euritus,Oechalię regno fidens Euritus – ab illo,marul01.croala754085.croala-lat2w:group.body.div.div2.l35.w4,6879
estlocus2,Tragurinę,Supra portam urbis Tragurinę,marul01.croala754085.croala-lat2w:group.body.div.div5.head.w4,7517
estlocus0,Athlas,Cędat Athlas — prisco carmine clarus Athlas !,marul01.croala754085.croala-lat2w:group.body.div.div6.l2.w2,7696
estlocus0,Athlas,Cędat Athlas — prisco carmine clarus Athlas !,marul01.croala754085.croala-lat2w:group.body.div.div6.l2.w6,7717
estlocus4,Ariminea,Ad Ioannem Asclepianum poetam de eius Ariminea in qua Robertum Ariminensium ducem Latium Achillem appellat,marul01.croala754085.croala-lat2w:group.body.div.div1.head.w7,8089
estlocus4,Ariminensium,Ad Ioannem Asclepianum poetam de eius Ariminea in qua Robertum Ariminensium ducem Latium Achillem appellat,marul01.croala754085.croala-lat2w:group.body.div.div1.head.w11,8106
estlocus4,Latium,Ad Ioannem Asclepianum poetam de eius Ariminea in qua Robertum Ariminensium ducem Latium Achillem appellat,marul01.croala754085.croala-lat2w:group.body.div.div1.head.w13,8115
estlocus4,Latiumque,Pyerios cantus Latiumque sonantia plectra,marul01.croala754085.croala-lat2w:group.body.div.div1.l1.w3,8138
estlocus4,Phlegreę,"Sic , puto , Phlegreę referens certamina pugnę",marul01.croala754085.croala-lat2w:group.body.div.div1.l5.w3,8249
estlocus4,Cinthius,Increpuit resonam Cinthius ipse lyram,marul01.croala754085.croala-lat2w:group.body.div.div1.l6.w3,8276
estlocus0,Martiniacum,Ad Franciscum Martiniacum,marul01.croala754085.croala-lat2w:group.body.div.div3.head.add.w3,8640
estlocus2,Castaliis,Ter quoque Castaliis illa rigauit aquis .,marul01.croala754085.croala-lat2w:group.body.div.div3.l4.w3,8739
estlocus4,Siculo,Ędis iam Siculo carmina digna sene .,marul01.croala754085.croala-lat2w:group.body.div.div3.l6.w3,8805
estlocus4,Aoniam,Aoniam flabis forsan et ipse tubam,marul01.croala754085.croala-lat2w:group.body.div.div3.l8.w1,8860
estlocus4,Troas,"Qui profugos Troas , qui canit arma uirum .",marul01.croala754085.croala-lat2w:group.body.div.div3.l10.w3,8917
estlocus0,Martiniacum,Ad Hieronymum Martiniacum,marul01.croala754085.croala-lat2w:group.body.div.div4.head.add.w3,9089
estlocus1,Aonię,"Hieronyme , Aonię quanuis nouus incola siluę ,",marul01.croala754085.croala-lat2w:group.body.div.div4.l1.w2,9104
estlocus0,Phoebeam,Nam tua iam redolent Phoebeam carmina laurum,marul01.croala754085.croala-lat2w:group.body.div.div4.l3.w5,9179
estlocus2,Icarię,Ne forte Icarię fabula dicar aquę .,marul01.croala754085.croala-lat2w:group.body.div.div4.l10.w3,9408
estlocus4,Lycio,Et solues Lycio debita uota deo ;,marul01.croala754085.croala-lat2w:group.body.div.div5.l4.w3,9669
estlocus4,Pierioque,Vatibus antiquis Pierioque choro .,marul01.croala754085.croala-lat2w:group.body.div.div6.l8.w3,10256
estlocus4,Aonii,Aonii superes culmina summa iugi .,marul01.croala754085.croala-lat2w:group.body.div.div6.l10.w1,10309
estlocus4,Pierii,"Vsque ad Pierii culmina , Chrance , iugi .",marul01.croala754085.croala-lat2w:group.body.div.div7.l6.w3,10579
estlocus0,Phoebe,"Et lętus uatem suscipe , Phoebe , nouum .",marul01.croala754085.croala-lat2w:group.body.div.div8.l2.w5,11045
estlocus4,Pharensem,Ad Caterinum poetam Pharensem,marul01.croala754085.croala-lat2w:group.body.div.div9.head.w4,11326
estlocus4,Cinthius,Non negat argutam Cinthius ipse lyram .,marul01.croala754085.croala-lat2w:group.body.div.div9.l4.w4,11432
estlocus4,Hybleis,Qualia ab Hybleis roscida mella fauis .,marul01.croala754085.croala-lat2w:group.body.div.div9.l6.w3,11488
estlocus1,Pharos,Gaudeat ista quidem tua nobilis insula Pharos,marul01.croala754085.croala-lat2w:group.body.div.div9.l9.w7,11589
estlocus3,Rhodope,"Cantibus Orphei Rhodope lętetur et Hemus ,",marul01.croala754085.croala-lat2w:group.body.div.div12.l1.w3,11969
estlocus3,Hemus,"Cantibus Orphei Rhodope lętetur et Hemus ,",marul01.croala754085.croala-lat2w:group.body.div.div12.l1.w6,11982
estlocus1,Thebe,Thebe Amphioniam laudet ametque lyram ;,marul01.croala754085.croala-lat2w:group.body.div.div12.l2.w1,11992
estlocus0,Amphioniam,Thebe Amphioniam laudet ametque lyram ;,marul01.croala754085.croala-lat2w:group.body.div.div12.l2.w2,11997
estlocus1,Metimna,Hoc Metimna super sydera cuncta ferat .,marul01.croala754085.croala-lat2w:group.body.div.div12.l4.w2,12056
estlocus4,Spalatinę,Gloria non leuior Spalatinę contigit urbi :,marul01.croala754085.croala-lat2w:group.body.div.div12.l5.w4,12094
estlocus0,Pithias,"Damonem Pithias qualiter ipse suum ,",marul01.croala754085.croala-lat2w:group.body.div.div14.l4.w2,12621
estlocus0,Martis,Horrida sanguinei canerem nunc pręlia Martis,marul01.croala754085.croala-lat2w:group.body.div.div15.l3.w6,12940
estlocus1,Nysę,"Siue colit Nysę qui iuga celsa deus ,",marul01.croala754085.croala-lat2w:group.body.div.div15.l12.w3,13199
estlocus0,Phoebea,Ipsaque Phoebea uerba sonanda lyra .,marul01.croala754085.croala-lat2w:group.body.div.div16.l4.w2,13392
estlocus1,Aonię,Cingent Aonię lauro tua tempora Musę,marul01.croala754085.croala-lat2w:group.body.div.div16.l5.w2,13418
estlocus1,Venetę,"De uirtute animique pręstantia Dominici Manlipetri , Venetę classis pręfecti , cum Pisas obsedione liberauit iuuitque frumento",marul01.croala754085.croala-lat2w:group.body.div.div1.head.w7,13668
estlocus1,Pisas,"De uirtute animique pręstantia Dominici Manlipetri , Venetę classis pręfecti , cum Pisas obsedione liberauit iuuitque frumento",marul01.croala754085.croala-lat2w:group.body.div.div1.head.w11,13688
estlocus1,Pisa,"Pisa , Fluentinę quę multo tempore genti",marul01.croala754085.croala-lat2w:group.body.div.div1.l1.w1,13711
estlocus4,Fluentinę,"Pisa , Fluentinę quę multo tempore genti",marul01.croala754085.croala-lat2w:group.body.div.div1.l1.w2,13719
estlocus4,Venetum,Gaude ! Nam Venetum tibi parta potentibus armis,marul01.croala754085.croala-lat2w:group.body.div.div1.l3.w3,13778
estlocus4,Indis,"Libertas auro , gemmis quoque charior Indis",marul01.croala754085.croala-lat2w:group.body.div.div1.l5.w6,13849
estlocus1,Pisa,"Huic geminum debes ( nec fallor ) , Pisa , triumphum :",marul01.croala754085.croala-lat2w:group.body.div.div1.l17.w6,14209
estlocus4,Germane,"Quo , Cęsar Germane , ruis ?",marul01.croala754085.croala-lat2w:group.body.div.div2.sp1.l.w3,14306
estlocus4,Latina,Peto regna Latina .,marul01.croala754085.croala-lat2w:group.body.div.div2.sp2.l.w3,14345
estlocus4,Venetos,"Vade , sed in Venetos arma mouere caue .",marul01.croala754085.croala-lat2w:group.body.div.div2.sp3.l.w4,14383
estlocus4,Hiberi,Toracis tegmen Hiberi,marul01.croala754085.croala-lat2w:group.body.div.div2.sp5.l1.w3,14462
estlocus4,Galli,Et Galli cristas pignus amoris habent .,marul01.croala754085.croala-lat2w:group.body.div.div2.sp5.l2.w2,14473
estlocus2,Tiberinę,Ast mecum est pręsul Tiberinę Iulius urbis .,marul01.croala754085.croala-lat2w:group.body.div.div2.sp6.l.w5,14528
estlocus4,Venetis,"Huic fidis , Venetis qui dedit ipse togam ?",marul01.croala754085.croala-lat2w:group.body.div.div2.sp7.l.w3,14570
estlocus0,Leone,De Leone X . Pontifice Maximo Florentino de Medicum familia,marul01.croala754085.croala-lat2w:group.body.div.div3.head.w2,14756
estlocus0,Pontifice,De Leone X . Pontifice Maximo Florentino de Medicum familia,marul01.croala754085.croala-lat2w:group.body.div.div3.head.w4,14768
estlocus4,Florentino,De Leone X . Pontifice Maximo Florentino de Medicum familia,marul01.croala754085.croala-lat2w:group.body.div.div3.head.w6,14777
estlocus0,Medicum,De Leone X . Pontifice Maximo Florentino de Medicum familia,marul01.croala754085.croala-lat2w:group.body.div.div3.head.w8,14786
estlocus0,Medicem,Ipse Deus Medicem clarum pietate fideque,marul01.croala754085.croala-lat2w:group.body.div.div3.l1.w3,14805
estlocus0,Leo,"» Tu decimus posthac , tu Leo dictus eris !",marul01.croala754085.croala-lat2w:group.body.div.div3.sp.l1.w5,14905
estlocus0,Medices,"Gaude igitur , Medices , tibi conuenit ampla potestas :",marul01.croala754085.croala-lat2w:group.body.div.div3.l4.w3,14993
estlocus0,Medicem,In Medicem Leonem X . Pontificem Maximum,marul01.croala754085.croala-lat2w:group.body.div.div4.head.w2,15060
estlocus0,Leonem,In Medicem Leonem X . Pontificem Maximum,marul01.croala754085.croala-lat2w:group.body.div.div4.head.w3,15065
estlocus0,Pontificem,In Medicem Leonem X . Pontificem Maximum,marul01.croala754085.croala-lat2w:group.body.div.div4.head.w5,15077
estlocus0,Medicę,Successit Medicę Leo proles inclyta gentis,marul01.croala754085.croala-lat2w:group.body.div.div4.l7.w2,15244
estlocus0,Leo,Successit Medicę Leo proles inclyta gentis,marul01.croala754085.croala-lat2w:group.body.div.div4.l7.w3,15249
estlocus2,Italo,Ergo Italo Mauors quę uulnera contulit orbi,marul01.croala754085.croala-lat2w:group.body.div.div4.l11.w2,15363
estlocus0,Mauors,Ergo Italo Mauors quę uulnera contulit orbi,marul01.croala754085.croala-lat2w:group.body.div.div4.l11.w3,15368
estlocus0,Medici,Sanabit Medici cura benigna patris .,marul01.croala754085.croala-lat2w:group.body.div.div4.l12.w2,15395
estlocus0,Leone,Pro sanctissimo patre Leone X . Pontifice Maximo oratio,marul01.croala754085.croala-lat2w:group.body.div.div5.head.w4,15434
estlocus0,Pontifice,Pro sanctissimo patre Leone X . Pontifice Maximo oratio,marul01.croala754085.croala-lat2w:group.body.div.div5.head.w6,15446
estlocus0,Pontifici,"Pontifici da , Christe , tuo quę posco Leoni :",marul01.croala754085.croala-lat2w:group.body.div.div5.l1.w1,15461
estlocus0,Leoni,"Pontifici da , Christe , tuo quę posco Leoni :",marul01.croala754085.croala-lat2w:group.body.div.div5.l1.w7,15492
estlocus0,Martis,Illo autore feri tollantur pręlia Martis,marul01.croala754085.croala-lat2w:group.body.div.div5.l7.w6,15690
estlocus0,Leoni,"Talia si dederis , non soli , Christe , Leoni ,",marul01.croala754085.croala-lat2w:group.body.div.div5.l13.w7,15869
estlocus0,Adriano,Pro Adriano VI . Pontifice Maximo ad Christum oratio,marul01.croala754085.croala-lat2w:group.body.div.div6.head.w2,15982
estlocus0,Pontifice,Pro Adriano VI . Pontifice Maximo ad Christum oratio,marul01.croala754085.croala-lat2w:group.body.div.div6.head.w4,15994
estlocus0,Pontifici,"Pontifici da , Christe , tuo quę posco Adriano :",marul01.croala754085.croala-lat2w:group.body.div.div6.l1.w1,16017
estlocus0,Adriano,"Pontifici da , Christe , tuo quę posco Adriano :",marul01.croala754085.croala-lat2w:group.body.div.div6.l1.w7,16048
estlocus0,Martis,Illo autore feri tollantur pręlia Martis,marul01.croala754085.croala-lat2w:group.body.div.div6.l7.w6,16244
estlocus0,Adriano,"Talia si dederis , non soli , Christe , Adriano ,",marul01.croala754085.croala-lat2w:group.body.div.div6.l13.w7,16423
estlocus0,Gallis,De Gallis et Hispanis inter se bellantibus,marul01.croala754085.croala-lat2w:group.body.div.div7.head.w2,16536
estlocus0,Hispanis,De Gallis et Hispanis inter se bellantibus,marul01.croala754085.croala-lat2w:group.body.div.div7.head.w4,16545
estlocus0,Gallus,Gallus et Hispanus bella cruenta gerunt .,marul01.croala754085.croala-lat2w:group.body.div.div7.l2.w1,16590
estlocus0,Hispanus,Gallus et Hispanus bella cruenta gerunt .,marul01.croala754085.croala-lat2w:group.body.div.div7.l2.w3,16599
estlocus0,Martis,Inter se Martis dum fera bella cient .,marul01.croala754085.croala-lat2w:group.body.div.div8.l6.w3,17107
estlocus0,Phoebea,Phoebea fient uera magis tripode !,marul01.croala754085.croala-lat2w:group.body.div.div8.l12.w1,17279
estlocus1,Spalati,Domino Ioanni Baptistę de Molino Spalati prętori bene merito,marul01.croala754085.croala-lat2w:group.body.div.div9.head.w6,17330
estlocus4,Venetorum,Ad inclytum uirum Andream Grittum Venetorum principem bene meritum nuperrime creatum,marul01.croala754085.croala-lat2w:group.body.div.div10.head.w6,17628
estlocus4,Venetę,Vt pręsis Venetę prospiciasque rei .,marul01.croala754085.croala-lat2w:group.body.div.div10.l4.w3,17749
estlocus0,Parthenopeius,"Si qua fides uatum , formosus Parthenopeius ,",marul01.croala754085.croala-lat2w:group.body.div.div11.l1.w6,17997
estlocus4,Itacensis,Prouidus ingenio dux Itacensis erat .,marul01.croala754085.croala-lat2w:group.body.div.div11.l2.w4,18019
estlocus4,Veneti,Nam Veneti imperii summa est in sede locatus,marul01.croala754085.croala-lat2w:group.body.div.div11.l13.w2,18325
estlocus4,Venetorum,Quod omnia prospera sperare liceat Andrea Gritto Venetorum principe,marul01.croala754085.croala-lat2w:group.body.div.div12.head.w8,18465
estlocus4,Venetis,Spirabit faciles Venetis pater Eolus auras,marul01.croala754085.croala-lat2w:group.body.div.div12.l1.w3,18484
estlocus0,Eolus,Spirabit faciles Venetis pater Eolus auras,marul01.croala754085.croala-lat2w:group.body.div.div12.l1.w5,18493
estlocus4,Venetum,Et Venetum domitus uiribus orbis erit .,marul01.croala754085.croala-lat2w:group.body.div.div12.l8.w2,18664
estlocus0,Olympi,Annuet his magni magnus regnator Olympi,marul01.croala754085.croala-lat2w:group.body.div.div12.l9.w6,18710
estlocusX,Nil,"Nil non sperandum est Andrea principe Gritto ,",marul01.croala754085.croala-lat2w:group.body.div.div12.l11.w1,18756
estlocus0,Pontificem,Ad Clementem VII . Pontificem Maximum,marul01.croala754085.croala-lat2w:group.body.div.div13.head.w4,18839
estlocus0,Pontifices,Pontifices magnos modico discrimine binos,marul01.croala754085.croala-lat2w:group.body.div.div13.l1.w1,18850
estlocus0,Medicum,Vna domus Medicum tanto lętatur honore,marul01.croala754085.croala-lat2w:group.body.div.div13.l3.w3,18910
estlocus4,Fluentinos,Prima Fluentinos inter habenda uiros .,marul01.croala754085.croala-lat2w:group.body.div.div13.l4.w2,18933
estlocus0,Medicum,Est et in hoc Medicum nobis uenerabile nomen,marul01.croala754085.croala-lat2w:group.body.div.div13.l5.w5,18971
estlocus0,Medices,Scilicet ut Medices pręstet medicamina plagis,marul01.croala754085.croala-lat2w:group.body.div.div13.l7.w3,19027
estlocus0,Medicum,Nequaquam Medicum gens erit una satis .,marul01.croala754085.croala-lat2w:group.body.div.div13.l10.w2,19105
estlocus0,Medices,"Et tanto , o Medices , obuius ire malo ,",marul01.croala754085.croala-lat2w:group.body.div.div13.l12.w4,19176
estlocus4,Turcarum,Turcarum ut ualidas frangere possit opes .,marul01.croala754085.croala-lat2w:group.body.div.div13.l14.w1,19231
estlocus4,Aonias,Pamphagus Aonias iussit adesse deas .,marul01.croala754085.croala-lat2w:group.body.div.div1.l2.w2,19866
estlocus0,Pieris,Sed neque sic pranso Pieris ulla fauet .,marul01.croala754085.croala-lat2w:group.body.div.div1.l6.w5,19984
estlocus1,Heliconis,Quid Phoebum Musasque uocas Heliconis ab antro,marul01.croala754085.croala-lat2w:group.body.div.div4.l1.w5,20283
estlocus1,Tempe,Hęc illis iocunda domus : non Tempe lacusque,marul01.croala754085.croala-lat2w:group.body.div.div4.l5.w6,20408
estlocus0,Vulcanum,At tu Vulcanum pete Neptunumque madentem,marul01.croala754085.croala-lat2w:group.body.div.div4.l7.w3,20452
estlocus0,Ęthiopes,"Ęthiopes cignos , nanos uocat Ila Cyclopas .",marul01.croala754085.croala-lat2w:group.body.div.div7.l1.w1,20794
estlocus4,Illyricum,Ad Bartholum Illyricum,marul01.croala754085.croala-lat2w:group.body.div.div13.head.w3,21737
estlocus4,Gallica,"Gallica te uestis designat , Barthole , Gallum ;",marul01.croala754085.croala-lat2w:group.body.div.div13.l1.w1,21744
estlocus0,Gallum,"Gallica te uestis designat , Barthole , Gallum ;",marul01.croala754085.croala-lat2w:group.body.div.div13.l1.w6,21771
estlocus4,Illyricum,Lingua sed Illyricum te genus esse docet .,marul01.croala754085.croala-lat2w:group.body.div.div13.l2.w3,21789
estlocus2,Lybici,Et quot sunt Lybici maris lapilli,marul01.croala754085.croala-lat2w:group.body.div.div14.l6.w4,22051
estlocus0,Nestoreos,"Atque » O , Nestoreos uiuito , Marce , dies ! «",marul01.croala754085.croala-lat2w:group.body.div.div18.l2.w3,22651
estlocus4,Spalatensem,"In Dominum Bartholomeum Aueroldum , episcopum Spalatensem",marul01.croala754085.croala-lat2w:group.body.div.div22.head.w6,23155
estlocus0,Persiusque,"Olim Petroniusque Persiusque ,",marul01.croala754085.croala-lat2w:group.body.div.div23.l2.w3,23268
estlocus4,Aquinas,Atque olim Iuuenalis ipse Aquinas,marul01.croala754085.croala-lat2w:group.body.div.div23.l3.w5,23294
estlocus4,Cyrrheo,Cędite Cyrrheo nascentes uertice lauri,marul01.croala754085.croala-lat2w:group.body.div.div24.l1.w2,23403
estlocus2,Castalios,Et prope Castalios iam sedet illa lacus .,marul01.croala754085.croala-lat2w:group.body.div.div24.l6.w3,23543
estlocus4,Aonias,Et capit Aonias tam noua forma deas .,marul01.croala754085.croala-lat2w:group.body.div.div24.l8.w3,23599
estlocus0,Thalia,"Et recinet dulci nostra Thalia sono ,",marul01.croala754085.croala-lat2w:group.body.div.div24.l10.w5,23667
estlocus0,Phoebe,"Phoebe , sublime citharam canenti",marul01.croala754085.croala-lat2w:group.body.div.div25.l11.w1,23981
estlocus1,Heliconis,Siue desertis Heliconis undis,marul01.croala754085.croala-lat2w:group.body.div.div25.l19.w3,24156
estlocus0,Danaem,Inclusam Danaem ferrea turris habet .,marul01.croala754085.croala-lat2w:group.body.div.div27.l2.w2,24335
estlocus4,Sauromatas,"Aurum Sauromatas , Parthos , Tracesque Getasque",marul01.croala754085.croala-lat2w:group.body.div.div27.l5.w2,24432
estlocus4,Parthos,"Aurum Sauromatas , Parthos , Tracesque Getasque",marul01.croala754085.croala-lat2w:group.body.div.div27.l5.w3,24440
estlocus4,Tracesque,"Aurum Sauromatas , Parthos , Tracesque Getasque",marul01.croala754085.croala-lat2w:group.body.div.div27.l5.w4,24448
estlocus4,Getasque,"Aurum Sauromatas , Parthos , Tracesque Getasque",marul01.croala754085.croala-lat2w:group.body.div.div27.l5.w5,24453
estlocus0,Franco,Ad Paulum de Franco moecho,marul01.croala754085.croala-lat2w:group.body.div.div31.head.w4,25219
estlocus0,Franco,Si potes uxorem Franco seruare furente,marul01.croala754085.croala-lat2w:group.body.div.div31.l1.w4,25242
estlocus0,Hymenea,"Edit : Lucinam , non Hymenea colit .",marul01.croala754085.croala-lat2w:group.body.div.div32.l2.w4,25359
estlocus2,Phlegetontei,Ad Phlegetontei stagna profunda lacus .,marul01.croala754085.croala-lat2w:group.body.div.div4.l2.w2,26718
estlocus4,Tyrio,"Possidet hanc Tyrio uelatus Luxus amictu ,",marul01.croala754085.croala-lat2w:group.body.div.div4.l3.w3,26748
estlocus4,Spalatenses,Ad nobiles Spalatenses,marul01.croala754085.croala-lat2w:group.body.div.div5.head.w3,27220
estlocus0,Indulget,Indulget nunquam nec seruo dira nec ulli,marul01.croala754085.croala-lat2w:group.body.div.div11.l5.w1,28410
estlocus4,Turcarum,Hic iacet insidiis Turcarum uictus et astu :,marul01.croala754085.croala-lat2w:group.body.div.div15.l3.w4,29215
estlocus4,Dalmaticum,"Xarcus , Dalmaticum gloria prima ducum .",marul01.croala754085.croala-lat2w:group.body.div.div15.l4.w2,29244
estlocusX*,Turcarum,Turcarum rigido fugare Marte .,marul01.croala754085.croala-lat2w:group.body.div.div16.l3.w1,29446
estlocus4,Turcarum,"Epitaphium Ottomani , Turcarum imperatoris",marul01.croala754085.croala-lat2w:group.body.div.div18.head.w3,29756
estlocus1,Arar,"Cuius sensit Arar , cuius certamina Tygris ,",marul01.croala754085.croala-lat2w:group.body.div.div18.l1.w3,29775
estlocus1,Tygris,"Cuius sensit Arar , cuius certamina Tygris ,",marul01.croala754085.croala-lat2w:group.body.div.div18.l1.w6,29791
estlocus0,Leonardi,"Epitaphium Leonardi Lauredani , inclyti Venetorum principis",marul01.croala754085.croala-lat2w:group.body.div.div19.head.w2,29959
estlocus4,Venetorum,"Epitaphium Leonardi Lauredani , inclyti Venetorum principis",marul01.croala754085.croala-lat2w:group.body.div.div19.head.w5,29975
estlocus0,Leonardi,"Hic sunt ossa ducis Leonardi condita , cuius",marul01.croala754085.croala-lat2w:group.body.div.div19.l1.w5,30002
estlocus0,Leonardi,"Hic tumulata iacent Leonardi principis ossa ,",marul01.croala754085.croala-lat2w:group.body.div.div20.l1.w4,30200
estlocus4,Spalatensis,Epitaphium Luxę de Bilsa Spalatensis,marul01.croala754085.croala-lat2w:group.body.div.div21.head.w5,30391
estlocus4,Spalatensis,Epitaphium Hieronymi de Lucaris Spalatensis,marul01.croala754085.croala-lat2w:group.body.div.div23.head.w5,30764
estlocus4,Graię,"Et Latię et Graię callebat Palladis artes ,",marul01.croala754085.croala-lat2w:group.body.div.div25.l9.w4,31609
estlocus4,Hebraice,Nouerat Hebraice Caldaiceque loqui .,marul01.croala754085.croala-lat2w:group.body.div.div25.l10.w2,31635
estlocus0,Phoebe,"Qui potuit currum , Phoebe , decere tuum .",marul01.croala754085.croala-lat2w:group.body.div.div27.l2.w4,31972
estlocus0,Euro,"Ocior hic uentis , Euro , Zephiroque Notoque",marul01.croala754085.croala-lat2w:group.body.div.div27.l3.w4,32008
estlocusX,Notoque,"Ocior hic uentis , Euro , Zephiroque Notoque",marul01.croala754085.croala-lat2w:group.body.div.div27.l3.w6,32020
estlocus2,Valle,Francisco Natali Marci Maruli in Valle surda commorantis responsio,marul01.croala754085.croala-lat2w:group.body.div.div1.head.w6,32264
estlocus0,Insula,"Insula me retinet quę , scis , non amplius ista",marul01.croala754085.croala-lat2w:group.body.div.div1.l9.w1,32514
estlocus4,Samnitum,Et qua contentus Samnitum sperneret aurum,marul01.croala754085.croala-lat2w:group.body.div.div1.l27.w4,33034
estlocus0,Martis,"Solari interea Martis , Francisce , maligni",marul01.croala754085.croala-lat2w:group.body.div.div1.l53.w3,33809
estlocusX,Nil,"Nil hostile timent , nec quicquam triste uerentur ,",marul01.croala754085.croala-lat2w:group.body.div.div1.l69.w1,34270
estlocus0,Thalia,Hactenus hęc . Ipsos nunc nostra Thalia salutat,marul01.croala754085.croala-lat2w:group.body.div.div1.l81.w6,34693
estlocus0,Eurialus,Eurialus Niso non ita gratus erat .,marul01.croala754085.croala-lat2w:group.body.div.div2.l6.w1,35096
estlocus3,Pegasis,Deseruitque meam Pegasis unda sitim .,marul01.croala754085.croala-lat2w:group.body.div.div2.l20.w3,35495
estlocus4,Getulos,"Illa etiam Getulos uicit feritate leones ,",marul01.croala754085.croala-lat2w:group.body.div.div3.l13.w3,36151
estlocus4,Hyrcanas,Vicit et Hyrcanas asperitate tygres .,marul01.croala754085.croala-lat2w:group.body.div.div3.l14.w3,36181
estlocus4,Gargaphiam,Gargaphiam uidit qui sine ueste deam !,marul01.croala754085.croala-lat2w:group.body.div.div3.l18.w1,36307
estlocus0,Luna,Blanda quiescenti basia Luna dabat ?,marul01.croala754085.croala-lat2w:group.body.div.div4.l18.w4,37122
estlocus0,Martiniacum,Ad Franciscum Martiniacum quod senectus non annis sed ualetudine conferenda est,marul01.croala754085.croala-lat2w:group.body.div.div5.head.w3,37595
estlocusX,Olympiadas,Optas me multas uiuere Olympiadas ;,marul01.croala754085.croala-lat2w:group.body.div.div5.l2.w5,37682
estlocus1,Pergama,Non uersa in cineres uidisset Pergama si non,marul01.croala754085.croala-lat2w:group.body.div.div5.l21.w6,38269
estlocus1,Tartara,Diffindens terras Tartara et ima ciens .,marul01.croala754085.croala-lat2w:group.body.div.div1.sp14.l36.w3,40705
estlocus0,Olympum,Sydereum circum curru uectatus Olympum,marul01.croala754085.croala-lat2w:group.body.div.div2.l29.w5,42124
estlocus4,Oceanusque,"Oceanusque parens animantum squamigerarum ,",marul01.croala754085.croala-lat2w:group.body.div.div2.l46.w1,42604
estlocus2,Erithręi,"Tum , quem Erithręi felicibus ęquoris undis",marul01.croala754085.croala-lat2w:group.body.div.div2.l82.w3,43662
estlocus1,Indus,"Tum uarii , quos Indus habet , micuere lapilli ,",marul01.croala754085.croala-lat2w:group.body.div.div2.l85.w4,43746
estlocus0,Olympi,Stelliferi nobis aditus reserabit Olympi .,marul01.croala754085.croala-lat2w:group.body.div.div2.l117.w5,44850
estlocus4,Spalatensis,In natalitio Sancti Raynerii archiepiscopi Spalatensis pro iure ecclesię tuendo interempti martyrioque coronati hymnus,marul01.croala754085.croala-lat2w:group.body.div.div3.head.w6,44887
estlocus4,Spalatina,"Gaudeat felix Spalatina plebes ,",marul01.croala754085.croala-lat2w:group.body.div.div3.l13.w3,45164
estlocus1,Orcum,Corruit Orcum .,marul01.croala754085.croala-lat2w:group.body.div.div3.l24.w2,45404
estlocus1,Myrrheę,Atque hinc Myrrheę pręsul uenerabilis urbi,marul01.croala754085.croala-lat2w:group.body.div.div4.l5.w3,45804
estlocus1,Solymas,Ipse sed eiectus Solymas post terga reliquit,marul01.croala754085.croala-lat2w:group.body.div.div5.div1.l11.w4,46346
estlocus1,Lyddam,Hinc Lyddam ueniens Aeneam curat hiantem,marul01.croala754085.croala-lat2w:group.body.div.div5.div1.l19.w2,46568
estlocus1,Ioppe,Tabitha mox Ioppe fato collapsa resurgit,marul01.croala754085.croala-lat2w:group.body.div.div5.div1.l21.w3,46628
estlocus1,Cęsareę,Post hęc Cęsareę Cornelius incipit illi,marul01.croala754085.croala-lat2w:group.body.div.div5.div1.l23.w3,46684
estlocus1,Romam,Perrexit Romam magiaque dolisque Symonem,marul01.croala754085.croala-lat2w:group.body.div.div5.div1.l29.w2,46849
estlocus1,Achaię,Achaię populos docuit ; mox ponere iussit,marul01.croala754085.croala-lat2w:group.body.div.div5.div2.l3.w1,47373
estlocus0,Egea,Hunc Egea furens crudeli uerbere cęsum,marul01.croala754085.croala-lat2w:group.body.div.div5.div2.l5.w2,47436
estlocus1,Patrarum,Iste necem tandem Patrarum passus in urbe,marul01.croala754085.croala-lat2w:group.body.div.div5.div2.l25.w4,47989
estlocus2,Scythica,Audax in Scythica docuit regione Philippus,marul01.croala754085.croala-lat2w:group.body.div.div5.div3.l1.w3,48093
estlocus4,Martis,Ducitur ad Martis templa prophana dei .,marul01.croala754085.croala-lat2w:group.body.div.div5.div3.l4.w3,48176
estlocus0,Mauors,"Stabat marmoreo bellator corpore Mauors ,",marul01.croala754085.croala-lat2w:group.body.div.div5.div3.l5.w5,48214
estlocus2,Asiacis,Finibus Asiacis se positurus abit,marul01.croala754085.croala-lat2w:group.body.div.div5.div3.l20.w2,48627
estlocus0,Ebionis,Extirpare uolens Ebionis dogma putantis,marul01.croala754085.croala-lat2w:group.body.div.div5.div3.l21.w3,48654
estlocus1,Hieropoli,Hieropoli Phrygię post hęc comprensus in urbe,marul01.croala754085.croala-lat2w:group.body.div.div5.div3.l23.w1,48704
estlocus1,Phrygię,Hieropoli Phrygię post hęc comprensus in urbe,marul01.croala754085.croala-lat2w:group.body.div.div5.div3.l23.w2,48709
estlocusX,Nil,"Nil metuens dum uera docet , crucifigitur ergo",marul01.croala754085.croala-lat2w:group.body.div.div5.div3.l25.w1,48765
estlocus4,Indorum,"Regia progenies Indorum Bartholomęus ,",marul01.croala754085.croala-lat2w:group.body.div.div5.div4.l1.w3,48938
estlocus1,Lycaonię,Rura Lycaonię celeri percurrere gressu,marul01.croala754085.croala-lat2w:group.body.div.div5.div4.l5.w2,49046
estlocus1,Armenię,Impiger Armenię protinus arua petit .,marul01.croala754085.croala-lat2w:group.body.div.div5.div4.l20.w2,49434
estlocus1,Albanum,Albanum ueniens patitur tormenta tyranni,marul01.croala754085.croala-lat2w:group.body.div.div5.div4.l21.w1,49456
estlocus4,Samaritanis,Et Samaritanis Christum simul et Solymitis,marul01.croala754085.croala-lat2w:group.body.div.div5.div5.l3.w2,49728
estlocus4,Solymitis,Et Samaritanis Christum simul et Solymitis,marul01.croala754085.croala-lat2w:group.body.div.div5.div5.l3.w6,49745
estlocus3,Hispanos,"Transit ad Hispanos atque his monstrauit Iesum ,",marul01.croala754085.croala-lat2w:group.body.div.div5.div5.l5.w3,49793
estlocus0,Iudeos,Iudeos etiam lustralibus abluit undis :,marul01.croala754085.croala-lat2w:group.body.div.div5.div5.l9.w1,49916
estlocus1,Hispania,Post hęc occisi rapuit Hispania corpus :,marul01.croala754085.croala-lat2w:group.body.div.div5.div5.l19.w5,50198
estlocus1,Epheso,Ex Epheso Romam tractus feruente nequiuit,marul01.croala754085.croala-lat2w:group.body.div.div5.div6.l7.w2,50465
estlocus1,Romam,Ex Epheso Romam tractus feruente nequiuit,marul01.croala754085.croala-lat2w:group.body.div.div5.div6.l7.w3,50470
estlocus1,Pathmo,"Exulat in Pathmo , cecinit tunc multa futura",marul01.croala754085.croala-lat2w:group.body.div.div5.div6.l9.w3,50535
estlocus1,Ephesum,"Inde Ephesum rediens Drusianam suscitat , ipsum",marul01.croala754085.croala-lat2w:group.body.div.div5.div6.l11.w2,50586
estlocus0,Drusianam,"Inde Ephesum rediens Drusianam suscitat , ipsum",marul01.croala754085.croala-lat2w:group.body.div.div5.div6.l11.w4,50595
estlocus1,Asię,Vnus cuncta Asię sacra sacella regens .,marul01.croala754085.croala-lat2w:group.body.div.div5.div6.l40.w3,51402
estlocus0,Hyrcanos,"Didymus ipse Medos , Hyrcanos , Bragmanas idem",marul01.croala754085.croala-lat2w:group.body.div.div5.div7.l1.w4,51541
estlocus0,Persasque,Persasque et Parthos Armeniosque docet .,marul01.croala754085.croala-lat2w:group.body.div.div5.div7.l2.w1,51559
estlocus0,Parthos,Persasque et Parthos Armeniosque docet .,marul01.croala754085.croala-lat2w:group.body.div.div5.div7.l2.w3,51568
estlocus0,Armeniosque,Persasque et Parthos Armeniosque docet .,marul01.croala754085.croala-lat2w:group.body.div.div5.div7.l2.w4,51573
estlocus3,Indos,"Sed , magis extremos postquam transiuit ad Indos ,",marul01.croala754085.croala-lat2w:group.body.div.div5.div7.l7.w7,51723
estlocus1,Edessa,"Vrbs Edessa quidem corpus ueneratur et ossa ,",marul01.croala754085.croala-lat2w:group.body.div.div5.div7.l31.w2,52437
estlocus1,Iudea,Hic in Iudea doctrinę semina sanctę,marul01.croala754085.croala-lat2w:group.body.div.div5.div8.l3.w3,52597
estlocus3,Macedum,In Macedum campos sparsit et Ęthiopum .,marul01.croala754085.croala-lat2w:group.body.div.div5.div8.l4.w2,52620
estlocus3,Ęthiopum,In Macedum campos sparsit et Ęthiopum .,marul01.croala754085.croala-lat2w:group.body.div.div5.div8.l4.w6,52637
estlocus1,Nadabar,Metropolis Nadabar circumdata moenibus altis,marul01.croala754085.croala-lat2w:group.body.div.div5.div8.l5.w2,52651
estlocus1,Persidis,Illinc exactos Persidis ora tulit .,marul01.croala754085.croala-lat2w:group.body.div.div5.div8.l12.w3,52841
estlocus0,Egippi,Egippi regis natum de morte redemptum,marul01.croala754085.croala-lat2w:group.body.div.div5.div8.l13.w1,52859
estlocus0,Egippo,"Egippo natę captus Iphigenię ,",marul01.croala754085.croala-lat2w:group.body.div.div5.div8.l18.w1,52995
estlocus0,Alphei,Iacobus Alphei,marul01.croala754085.croala-lat2w:group.body.div.div5.div9.head.w2,53242
estlocus0,Alpheo,"Alpheo genitore satus , cognomine Iustus",marul01.croala754085.croala-lat2w:group.body.div.div5.div9.l1.w1,53249
estlocus0,Iudas,Symon et Iudas,marul01.croala754085.croala-lat2w:group.body.div.div5.div10.head.w3,54438
estlocus0,Iudas,"Thadeus est Iudas dictus , Symon ipse Zelotes ,",marul01.croala754085.croala-lat2w:group.body.div.div5.div10.l1.w3,54453
estlocus1,Mediam,Thadeus in Mediam Domino mandante recedens,marul01.croala754085.croala-lat2w:group.body.div.div5.div10.l3.w3,54515
estlocus1,Tygris,Tygris et Euphratis quę cohibetur aquis .,marul01.croala754085.croala-lat2w:group.body.div.div5.div10.l6.w1,54585
estlocus1,Euphratis,Tygris et Euphratis quę cohibetur aquis .,marul01.croala754085.croala-lat2w:group.body.div.div5.div10.l6.w3,54594
estlocus1,Ponti,Instruit et populos rapidi qui littora Ponti,marul01.croala754085.croala-lat2w:group.body.div.div5.div10.l7.w7,54640
estlocus1,Asię,"Longa tenent , Asię qui quoque rura colunt .",marul01.croala754085.croala-lat2w:group.body.div.div5.div10.l8.w3,54658
estlocus1,Persidis,Persidis hinc terras peragrant cum fratre Symone,marul01.croala754085.croala-lat2w:group.body.div.div5.div10.l9.w1,54684
estlocus1,Senarię,"At postquam est urbis Senarię ad moenia uentum ,",marul01.croala754085.croala-lat2w:group.body.div.div5.div10.l15.w5,54877
estlocus1,Bethlemi,Iste tribus Iudę Bethlemi natus in urbe,marul01.croala754085.croala-lat2w:group.body.div.div5.div11.l1.w4,55194
estlocus2,Iudea,Explicat hic Christi Iudea per oppida leges,marul01.croala754085.croala-lat2w:group.body.div.div5.div11.l7.w4,55373
estlocusX,Nil,Nil metuens Domini iussa sequendo sui .,marul01.croala754085.croala-lat2w:group.body.div.div5.div11.l8.w1,55392
estlocus4,Romano,Sunt quoque qui dicant Romano more securi,marul01.croala754085.croala-lat2w:group.body.div.div5.div11.l11.w5,55493
estlocus0,Ossa,"Ossa prius Romam , Treuerim translata deinde :",marul01.croala754085.croala-lat2w:group.body.div.div5.div11.l13.w1,55529
estlocus1,Romam,"Ossa prius Romam , Treuerim translata deinde :",marul01.croala754085.croala-lat2w:group.body.div.div5.div11.l13.w3,55538
estlocus1,Treuerim,"Ossa prius Romam , Treuerim translata deinde :",marul01.croala754085.croala-lat2w:group.body.div.div5.div11.l13.w4,55546
estlocus1,Iudeę,"Ciuis erat quondam Iudeę Giscalis urbis ,",marul01.croala754085.croala-lat2w:group.body.div.div5.div12.l3.w4,55702
estlocus0,Iudeis,Iudeis aperit allophylisque fidem .,marul01.croala754085.croala-lat2w:group.body.div.div5.div12.l12.w1,55964
estlocus1,Cypri,Conuerso demum Paulo proconsule Cypri,marul01.croala754085.croala-lat2w:group.body.div.div5.div12.l13.w5,56002
estlocus4,Cypria,Cypria progenies Barnabas atque Leuites,marul01.croala754085.croala-lat2w:group.body.div.div5.div13.l1.w1,57015
estlocus1,Tharso,Hic collega datus Paulo fuit urbeque Tharso,marul01.croala754085.croala-lat2w:group.body.div.div5.div13.l3.w7,57091
estlocus1,Lystris,"Cumque forent Lystris , ingentibus omnia factis",marul01.croala754085.croala-lat2w:group.body.div.div5.div13.l9.w3,57261
estlocus1,Cypri,Post hęc Barnabas Cypri docet et Salaminis,marul01.croala754085.croala-lat2w:group.body.div.div5.div13.l25.w4,57717
estlocus1,Salaminis,Post hęc Barnabas Cypri docet et Salaminis,marul01.croala754085.croala-lat2w:group.body.div.div5.div13.l25.w7,57730
estlocus1,Salaminę,Hunc Salaminę gens tandem impia Iudeorum,marul01.croala754085.croala-lat2w:group.body.div.div5.div13.l29.w2,57824
estlocus4,Iudeorum,Hunc Salaminę gens tandem impia Iudeorum,marul01.croala754085.croala-lat2w:group.body.div.div5.div13.l29.w6,57841
estlocus1,Delmatię,Delmatię lętis olim generatus in oris,marul01.croala754085.croala-lat2w:group.body.div.div6.div1.l1.w1,58011
estlocus4,Cecropia,"Cecropia doctus lingua doctusque Latina ,",marul01.croala754085.croala-lat2w:group.body.div.div6.div1.l5.w1,58124
estlocus4,Latina,"Cecropia doctus lingua doctusque Latina ,",marul01.croala754085.croala-lat2w:group.body.div.div6.div1.l5.w5,58141
estlocus4,Hebraicos,Hebraicos didicit Chaldaicosque sonos .,marul01.croala754085.croala-lat2w:group.body.div.div6.div1.l6.w1,58151
estlocus1,Latium,"Nam Latium linquens Syrię deserta petisti ,",marul01.croala754085.croala-lat2w:group.body.div.div6.div1.l23.w2,58648
estlocus1,Roma,"Cur sint , Roma , tuis tectis pręlata superbis ,",marul01.croala754085.croala-lat2w:group.body.div.div6.div1.l27.w3,58760
estlocus0,Ossa,"Ossa uiri , Solymis defuncti , Roma recępit :",marul01.croala754085.croala-lat2w:group.body.div.div6.div1.l51.w1,59437
estlocus1,Solymis,"Ossa uiri , Solymis defuncti , Roma recępit :",marul01.croala754085.croala-lat2w:group.body.div.div6.div1.l51.w3,59449
estlocus1,Roma,"Ossa uiri , Solymis defuncti , Roma recępit :",marul01.croala754085.croala-lat2w:group.body.div.div6.div1.l51.w5,59461
estlocus1,Solymis,Christus nanque mori Solymis elegit et idem,marul01.croala754085.croala-lat2w:group.body.div.div6.div1.l53.w4,59516
estlocus1,Romam,Ecclesię Romam pręstitit esse caput .,marul01.croala754085.croala-lat2w:group.body.div.div6.div1.l54.w2,59539
estlocus3,Insubrum,"Hic postquam Insubrum pręses peruenit ad urbem ,",marul01.croala754085.croala-lat2w:group.body.div.div6.div2.l9.w3,59812
estlocus0,Pontificis,Pontificis fungi cogitur officio .,marul01.croala754085.croala-lat2w:group.body.div.div6.div2.l10.w1,59838
estlocus0,Induperatores,"Induperatores , compulit esse pios .",marul01.croala754085.croala-lat2w:group.body.div.div6.div2.l16.w1,60015
estlocus0,Olympum,Ergo sydereum merito conscendit Olympum,marul01.croala754085.croala-lat2w:group.body.div.div6.div2.l21.w5,60187
estlocus0,Pontifex,Gregorius Pontifex Maximus,marul01.croala754085.croala-lat2w:group.body.div.div6.div4.head.w2,60486
estlocus4,Thuscos,"Nuper petenti tibi ut Francisci Petrarchę , inter Thuscos poetas facundissimi , de beata Maria matre semper uirgine cantilenam suo uernaculo sermone compositam Latinam facerem , negare non potui , licet enim partim ingenii eruditionisque meę paruitas , partim ipsa uertendi difficultas ab eo me non parum dehortarentur . Sunt quippe linguarum proprietates quędam ita natura comparatę ut multa quę in alio idiomate apte , apposite lepideque dicuntur in aliud conuersa degenerare uideantur atque deficere .",marul01.croala754085.croala-lat2w:group.body.div.div1.div1.p1.w8,60987
estlocus4,Latinam,"Nuper petenti tibi ut Francisci Petrarchę , inter Thuscos poetas facundissimi , de beata Maria matre semper uirgine cantilenam suo uernaculo sermone compositam Latinam facerem , negare non potui , licet enim partim ingenii eruditionisque meę paruitas , partim ipsa uertendi difficultas ab eo me non parum dehortarentur . Sunt quippe linguarum proprietates quędam ita natura comparatę ut multa quę in alio idiomate apte , apposite lepideque dicuntur in aliud conuersa degenerare uideantur atque deficere .",marul01.croala754085.croala-lat2w:group.body.div.div1.div1.p1.w22,61047
estlocus0,Echiona,"Tu si quam mihi gratiam referre curabis , ea erit cumulatissima si eidem Virgini , cui te penitus mancipatum uideo , me plurimum commendes , tum etiam si in decantandis uersiculis istis tuum acroma , tuos phtongos , rithmos , tonos tuumque melos exerceas , minime quidem ad meorum humilitatem ineptitudinemque uerborum respiciens , sed ipsius , cui dicata sunt , sanctitudinem maiestatemque contemplans . Id si feceris , non Orphea non Lynum non Thamiram non Amphionem , neque Echiona neque Ariona neque Demodocum neque Terpandrum , nec Simonidem nec Timotheum nec crinitum a Vergilio nostro Iopam desyderabimus . Tu unus pro omnibus satis eris .",marul01.croala754085.croala-lat2w:group.body.div.div1.div1.p3.w66,61993
estlocus1,Arnus,"Immo ex quo genitum ripis tulit Arnus Ethruscis ,",marul01.croala754085.croala-lat2w:group.body.div.div1.div2.l93.w7,64977
estlocus2,Ethruscis,"Immo ex quo genitum ripis tulit Arnus Ethruscis ,",marul01.croala754085.croala-lat2w:group.body.div.div1.div2.l93.w8,64982
estlocus4,Threicio,"Tam cito Threicio cornu uolat acta sagitta ,",marul01.croala754085.croala-lat2w:group.body.div.div1.div2.l105.w3,65325
estlocus4,Parthenope,"» Ducta est Parthenope si tibi , uiue Senis ! «",marul01.croala754085.croala-lat2w:group.body.div.div.sp4.l2.w3,68040
estlocus2,Valle,[ 1 . ] Franciscus Natalis Marco Marulo in Valle Surda commoranti,marul01.croala754085.croala-lat2w:group.body.div.div1.head.w7,68135
estlocus4,Pieriis,"Pręmia , Pieriis digna referre modis .",marul01.croala754085.croala-lat2w:group.body.div.div1.l6.w2,68297
estlocus2,Spalatensi,Nam modo qui fueras Spalatensi solus in urbe,marul01.croala754085.croala-lat2w:group.body.div.div1.l33.w5,69198
estlocus4,Turchicus,"Egredere e muris , nihil est nisi Turchicus horror ,",marul01.croala754085.croala-lat2w:group.body.div.div1.l41.w7,69466
estlocus4,Occeano,"Occeano fluctus , frondes cur frondibus addo ,",marul01.croala754085.croala-lat2w:group.body.div.div2.l37.w1,71723
